,date,open,high,low,close,volume,chg_pct,inst_sum,inst_ext,retail,foreign,per,pbr,div,KOSPI,SP500_US(-1),NASDAQ_US(-1),SOX_US(-1),SHANGHAI,HANGSENG,NIKKEI
0,2024-02-27,89100,93500,57699,63500,21833840,,-33707104000.0,-211648386500.0,258063043000.0,-12707552500.0,75.22,22.75,0.0,2625.050048828125,5069.52978515625,15976.25,4663.47021484375,3015.48095703125,16790.80078125,39239.51953125
1,2024-02-28,61900,63300,56300,60800,5970590,-4.251968503937007,-15784351000.0,-8476902500.0,8669825000.0,15591428500.0,72.02,21.79,0.0,2652.2900390625,5078.18017578125,16035.2998046875,4654.89013671875,2957.85205078125,16536.849609375,39208.03125
2,2024-02-29,60599,65600,58700,59600,5743355,-1.9736842105263157,-1824501000.0,-11990048000.0,5327097000.0,8487452000.0,70.6,21.36,0.0,2642.360107421875,5069.759765625,15947.740234375,4602.60009765625,3015.1708984375,16511.439453125,39166.19140625
3,2024-03-04,61699,62500,59300,59900,2396830,0.5033557046979865,511730000.0,681843000.0,-3133938000.0,1940365000.0,70.95,21.46,0.0,2674.27001953125,5137.080078125,16274.9404296875,4929.580078125,3039.305908203125,16595.970703125,40109.23046875
4,2024-03-05,59400,59800,54300,55500,2330940,-7.345575959933222,-6140874500.0,346313500.0,4370263000.0,1424298000.0,65.74,19.89,0.0,2649.39990234375,5130.9501953125,16207.509765625,4981.97021484375,3047.79296875,16162.6396484375,40097.62890625
5,2024-03-06,54600,58400,54500,57300,1967135,3.2432432432432434,3019984500.0,1346326500.0,-6675187000.0,2308876000.0,67.87,20.53,0.0,2641.489990234375,5078.64990234375,15939.58984375,4879.830078125,3039.930908203125,16438.08984375,40090.78125
6,2024-03-07,56800,57100,52900,52900,1647765,-7.678883071553229,1698667500.0,1342200000.0,-1288499000.0,-1752368500.0,62.66,18.96,0.0,2647.6201171875,5104.759765625,16031.5400390625,4997.93017578125,3027.40087890625,16229.7802734375,39598.7109375
7,2024-03-08,53300,54800,51300,52400,1492385,-0.945179584120983,2497008500.0,-433700000.0,-2741573500.0,678265000.0,62.07,18.78,0.0,2680.35009765625,5157.35986328125,16273.3798828125,5165.830078125,3046.01904296875,16353.3896484375,39688.94140625
8,2024-03-11,51900,52400,50000,50100,1077210,-4.3893129770992365,1047963500.0,-1741073500.0,282564000.0,410546000.0,59.35,17.95,0.0,2659.840087890625,5123.68994140625,16085.1103515625,4957.77978515625,3068.455078125,16587.5703125,38820.48828125
9,2024-03-12,50500,51800,49800,50400,755950,0.5988023952095809,1341576500.0,914586500.0,-2625459500.0,369296500.0,59.7,18.06,0.0,2681.81005859375,5117.93994140625,16019.26953125,4890.2001953125,3055.93505859375,17093.5,38797.51171875
10,2024-03-13,51000,59600,50200,57400,5254920,13.88888888888889,9449557000.0,-4313072500.0,-20479885500.0,15343401000.0,67.99,20.57,0.0,2693.570068359375,5175.27001953125,16265.6396484375,4992.509765625,3043.8349609375,17082.109375,38695.96875
11,2024-03-14,57900,59799,55300,58000,1819845,1.0452961672473868,3308918500.0,-1273836500.0,5206449500.0,-7241531500.0,68.7,20.78,0.0,2718.760009765625,5165.31005859375,16177.76953125,4868.9501953125,3038.23388671875,16961.66015625,38807.37890625
12,2024-03-15,58100,63200,57200,60100,3515915,3.620689655172414,1758373000.0,-279946000.0,-17158644500.0,15680217500.0,71.19,21.54,0.0,2666.840087890625,5150.47998046875,16128.5302734375,4783.64990234375,3054.635986328125,16720.890625,38707.640625
13,2024-03-18,59500,61300,57300,57400,1126560,-4.492512479201332,-1511214500.0,-248252500.0,8468482000.0,-6709015000.0,67.99,20.57,0.0,2685.840087890625,5117.08984375,15973.169921875,4757.7099609375,3084.926025390625,16737.119140625,39740.44140625
14,2024-03-19,57900,58000,52300,52300,1523730,-8.885017421602788,-6260439500.0,-46595000.0,13026552000.0,-6719517500.0,61.95,18.74,0.0,2656.169921875,5149.419921875,16103.4501953125,4757.60009765625,3062.756103515625,16529.48046875,40003.6015625
15,2024-03-20,52000,54000,51100,51400,875215,-1.7208413001912046,-4248012500.0,-174605500.0,4904717000.0,-482099000.0,60.89,18.42,0.0,2690.139892578125,5178.509765625,16166.7900390625,4712.81005859375,3079.68603515625,16543.0703125,
16,2024-03-21,51600,53400,51400,51800,592770,0.7782101167315175,-1141094000.0,409987000.0,-427465000.0,1158572000.0,61.36,18.56,0.0,2754.860107421875,5224.6201171875,16369.41015625,4788.18017578125,3077.113037109375,16863.099609375,40815.66015625
17,2024-03-22,53200,54200,51600,51700,623575,-0.19305019305019305,-1735598500.0,201303500.0,2602409000.0,-1068114000.0,61.24,18.53,0.0,2748.56005859375,5241.52978515625,16401.83984375,4897.8798828125,3048.033935546875,16499.470703125,40888.4296875
18,2024-03-25,51600,55000,50300,53800,1200130,4.061895551257253,2785854500.0,1022511000.0,-7272775500.0,3464410000.0,63.73,19.28,0.0,2737.570068359375,5234.18017578125,16428.8203125,4908.259765625,3026.305908203125,16473.640625,40414.12109375
19,2024-03-26,53800,55100,52500,52900,1078210,-1.6728624535315983,4087570000.0,1106930000.0,4500154500.0,-9694654500.0,62.66,18.96,0.0,2757.090087890625,5218.18994140625,16384.470703125,4891.490234375,3031.48095703125,16618.3203125,40398.03125
20,2024-03-27,49100,55800,49100,55700,5173980,5.293005671077505,-13763464500.0,-69276760280.0,49094859000.0,33945365780.0,65.98,19.96,0.0,2755.110107421875,5203.580078125,16315.7001953125,4851.8798828125,2993.138916015625,16392.83984375,40762.73046875
21,2024-03-28,55100,55600,52400,52400,1289390,-5.9245960502693,-2194616500.0,1284015000.0,9033380500.0,-8122779000.0,62.07,18.78,0.0,2745.820068359375,5248.490234375,16399.51953125,4899.9501953125,3010.6640625,16541.419921875,40168.0703125
22,2024-03-29,52400,53200,49900,50000,1574770,-4.580152671755725,-6737405500.0,3129634000.0,18983660000.0,-15375888500.0,59.23,17.92,0.0,2746.6298828125,5254.35009765625,16379.4599609375,4905.2099609375,3041.1669921875,,40369.44140625
23,2024-04-01,51100,52100,50000,50200,1102325,0.4,-8072852500.0,-1686497500.0,12082026500.0,-2322676500.0,59.46,17.99,0.0,2747.860107421875,,,,3077.37890625,,39803.08984375
24,2024-04-02,50700,51800,49600,51300,832360,2.1912350597609564,-1316746500.0,293869500.0,-2396685000.0,3419562000.0,60.77,18.38,0.0,2753.159912109375,5243.77001953125,16396.830078125,4962.10009765625,3074.958984375,16931.51953125,39838.91015625
25,2024-04-03,51300,51400,49800,50200,629930,-2.144249512670565,667758000.0,2828239500.0,1054552500.0,-4550550000.0,59.46,17.99,0.0,2706.969970703125,5205.81005859375,16240.4501953125,4886.93994140625,3069.2958984375,16725.099609375,39451.8515625
26,2024-04-04,50400,50600,49400,50100,561490,-0.199203187250996,-1223586000.0,-208551000.0,2407700500.0,-975563500.0,59.35,17.95,0.0,2742.0,5211.490234375,16277.4599609375,4903.5,,,39773.140625
27,2024-04-05,49500,49600,46399,46600,1112865,-6.986027944111776,-4457452500.0,-18469500.0,3486950500.0,988971500.0,55.2,16.7,0.0,2714.2099609375,5147.2099609375,16049.080078125,4756.06982421875,,16723.919921875,38992.078125
28,2024-04-08,47200,47400,43400,43500,920150,-6.652360515021459,-5254000500.0,212163500.0,4843961000.0,197876000.0,51.53,15.59,0.0,2717.64990234375,5204.33984375,16248.51953125,4819.1298828125,3047.052978515625,16732.849609375,39347.0390625
29,2024-04-09,43800,46000,43800,44500,553865,2.2988505747126435,-135659500.0,107508500.0,-46017500.0,74168500.0,52.71,15.95,0.0,2705.159912109375,5202.39013671875,16253.9599609375,4825.39013671875,3048.537109375,16828.0703125,39773.12890625
30,2024-04-11,44000,47200,42300,47200,840290,6.067415730337078,6377514500.0,-3177773000.0,-6314755500.0,3115014000.0,55.91,16.91,0.0,2706.9599609375,5160.64013671875,16170.3603515625,4790.35009765625,3034.24609375,17095.029296875,39442.62890625
31,2024-04-12,47500,48500,46600,48300,504205,2.330508474576271,3943486500.0,491164500.0,-3456608500.0,-978042500.0,57.21,17.31,0.0,2681.820068359375,5199.06005859375,16442.19921875,4906.3701171875,3019.47412109375,16721.689453125,39523.55078125
32,2024-04-15,47000,47800,45900,47500,376835,-1.6563146997929608,1241743000.0,-523421500.0,-551256000.0,-167065500.0,56.27,17.02,0.0,2670.429931640625,5123.41015625,16175.08984375,4745.0498046875,3057.3779296875,16600.4609375,39232.80078125
33,2024-04-16,46600,47000,45000,46600,334720,-1.8947368421052633,1856903000.0,612649000.0,-3095571500.0,626019500.0,55.2,16.7,0.0,2609.6298828125,5061.81982421875,15885.01953125,4679.10009765625,3007.068115234375,16248.9697265625,38471.19921875
34,2024-04-17,46700,50799,46700,50400,1158905,8.15450643776824,3714907500.0,1519867500.0,-18492510500.0,13257735500.0,59.7,18.06,0.0,2584.179931640625,5051.41015625,15865.25,4720.52978515625,3071.381103515625,16251.83984375,37961.80078125
35,2024-04-18,50700,50700,48000,49600,829620,-1.5873015873015872,1166365000.0,-8024928000.0,4529450000.0,2329113000.0,58.75,17.77,0.0,2634.699951171875,5022.2099609375,15683.3701171875,4567.31005859375,3074.22509765625,16385.869140625,38079.69921875
36,2024-04-19,49000,51800,47800,47800,1286290,-3.6290322580645165,-150267000.0,1726151000.0,2141894500.0,-3717778500.0,56.62,17.13,0.0,2591.860107421875,5011.1201171875,15601.5,4491.7099609375,3065.260986328125,16224.1396484375,37068.3515625
37,2024-04-22,47600,48800,47100,47700,318460,-0.20920502092050208,1396780500.0,-1444412000.0,-250950000.0,298581500.0,56.5,17.09,0.0,2629.43994140625,4967.22998046875,15282.009765625,4306.8701171875,3044.594970703125,16511.689453125,37438.609375
38,2024-04-23,47700,48900,46400,46400,487960,-2.7253668763102725,454983000.0,-2173655500.0,3429640000.0,-1710967500.0,54.96,16.63,0.0,2623.02001953125,5010.60009765625,15451.3095703125,4381.919921875,3021.97802734375,16828.9296875,37552.16015625
39,2024-04-24,46400,47100,46199,46900,343150,1.0775862068965518,889248000.0,-317814000.0,2202187500.0,-2773621500.0,55.56,16.81,0.0,2675.75,5070.5498046875,15696.6396484375,4478.7998046875,3044.822021484375,17201.26953125,38460.078125
40,2024-04-25,46700,50900,46200,50000,1316910,6.609808102345416,6006349500.0,-3669585500.0,-20053101500.0,17716337500.0,59.23,17.92,0.0,2628.6201171875,5071.6298828125,15712.75,4526.2001953125,3052.89990234375,17284.5390625,37628.48046875
41,2024-04-26,49900,50500,48700,49900,606950,-0.2,4563252000.0,797697500.0,-2880103000.0,-2480846500.0,59.11,17.88,0.0,2656.330078125,5048.419921875,15611.759765625,4615.0400390625,3088.635986328125,17651.150390625,37934.76171875
42,2024-04-29,50400,55800,49900,54000,5758405,8.216432865731463,-18461578500.0,-47632577500.0,18657682500.0,47436473500.0,63.97,19.35,0.0,2687.43994140625,5099.9599609375,15927.900390625,4735.2900390625,3113.04296875,17746.91015625,
43,2024-04-30,54800,57000,54300,56800,2193880,5.185185185185185,13977773500.0,-1761840000.0,-9077315500.0,-3138618000.0,67.28,20.35,0.0,2692.06005859375,5116.169921875,15983.080078125,4765.7900390625,3104.824951171875,17763.029296875,38405.66015625
44,2024-05-02,57900,60200,56300,57800,4107895,1.7605633802816902,31302247000.0,-38926025000.0,6352504500.0,1271273500.0,25.7,10.68,0.0,2683.64990234375,5018.39013671875,15605.48046875,4507.68017578125,,18207.130859375,38236.0703125
45,2024-05-03,58100,59900,57700,59400,1309630,2.768166089965398,9089877000.0,-4244392000.0,-10103669500.0,5258184500.0,26.41,10.97,0.0,2676.6298828125,5064.2001953125,15840.9599609375,4605.35009765625,,18475.919921875,
46,2024-05-07,59800,60000,57300,58700,1213730,-1.1784511784511784,2471760500.0,-4427016500.0,550506000.0,1404750000.0,26.1,10.84,0.0,2734.360107421875,5180.740234375,16349.25,4820.4501953125,3147.738037109375,18479.369140625,38835.1015625
47,2024-05-08,60200,61800,57500,58400,1589590,-0.5110732538330494,-13848172500.0,-3505999500.0,12485851000.0,4868321000.0,25.97,10.79,0.0,2745.050048828125,5187.7001953125,16332.5595703125,4784.8798828125,3128.47998046875,18313.859375,38202.37109375
48,2024-05-09,58000,66000,57700,64000,4110645,9.58904109589041,-2221051500.0,-2105491500.0,-27143061500.0,31469604500.0,28.46,11.82,0.0,2712.139892578125,5187.669921875,16302.759765625,4790.3798828125,3154.320068359375,18537.810546875,38073.98046875
49,2024-05-10,64600,69700,63400,68300,2798025,6.71875,18191816500.0,-3289543000.0,-17728838500.0,2826565000.0,30.37,12.61,0.0,2727.6298828125,5214.080078125,16346.259765625,4759.77001953125,3154.547119140625,18963.6796875,38229.109375
50,2024-05-13,69200,70000,64300,66500,1995470,-2.635431918008785,9477803500.0,-2773146500.0,8182953000.0,-14887610000.0,29.57,12.28,0.0,2727.2099609375,5222.68017578125,16340.8701171875,4808.02978515625,3148.02099609375,19115.060546875,38179.4609375
51,2024-05-14,67600,69800,66200,66700,1313070,0.30075187969924816,7529432500.0,-994623500.0,6181728000.0,-12716537000.0,29.66,12.32,0.0,2730.340087890625,5221.419921875,16388.240234375,4823.08984375,3145.77392578125,19073.7109375,38356.05859375
52,2024-05-16,66900,67500,64800,66800,964670,0.14992503748125938,-908813500.0,-1207384000.0,-1727562000.0,3843759500.0,29.7,12.34,0.0,2753.0,5308.14990234375,16742.390625,5045.080078125,3122.40087890625,19376.529296875,38920.26171875
53,2024-05-17,66800,69500,65800,67200,1051775,0.5988023952095809,2951457500.0,232944500.0,-1526126500.0,-1658275500.0,29.88,12.41,0.0,2724.6201171875,5297.10009765625,16698.3203125,5017.5400390625,3154.02587890625,19553.609375,38787.37890625
54,2024-05-20,67600,70000,65800,66100,1344295,-1.636904761904762,3662282000.0,-5260626000.0,8666930000.0,-7068586000.0,29.39,12.21,0.0,2742.139892578125,5303.27001953125,16685.970703125,4983.02001953125,3171.14501953125,19636.220703125,39069.6796875
55,2024-05-21,65900,68300,64600,67100,1090960,1.5128593040847202,4923553000.0,-5372409500.0,-1305068500.0,1753925000.0,29.84,12.39,0.0,2724.179931640625,5308.1298828125,16794.869140625,5090.35009765625,3157.966064453125,19220.619140625,38946.9296875
56,2024-05-22,66500,67100,63399,63500,1353875,-5.365126676602086,667814000.0,745112000.0,114250000.0,-1527176000.0,28.23,11.73,0.0,2723.4599609375,5321.41015625,16832.619140625,5074.39990234375,3158.5400390625,19195.599609375,38617.1015625
57,2024-05-23,63000,66300,61900,66300,1045145,4.409448818897638,3862261000.0,-591197500.0,-11761858000.0,8490794500.0,29.48,12.25,0.0,2721.81005859375,5307.009765625,16801.5390625,5126.81005859375,3116.386962890625,18868.7109375,39103.21875
58,2024-05-24,65700,72800,65199,72400,2342625,9.200603318250378,14281320500.0,-6226463500.0,-17883809000.0,9828952000.0,32.19,13.37,0.0,2687.60009765625,5267.83984375,16736.029296875,5125.97998046875,3088.87109375,18608.939453125,38646.109375
59,2024-05-27,71600,74200,69300,70400,1517360,-2.7624309392265194,1451220500.0,-341589000.0,10811531500.0,-11921163000.0,31.3,13.0,0.0,2722.989990234375,5304.72021484375,16920.7890625,5220.919921875,3124.04296875,18827.349609375,38900.01953125
60,2024-05-28,71900,74100,71600,73700,1335765,4.6875,10427615000.0,-526494500.0,-5037726500.0,-4863394000.0,32.77,13.61,0.0,2722.85009765625,,,,3109.572021484375,18821.16015625,38855.37109375
61,2024-05-29,74000,75800,71700,72300,1226825,-1.8995929443690638,5439447000.0,189855500.0,1698555000.0,-7327857500.0,32.15,13.35,0.0,2677.300048828125,5306.0400390625,17019.880859375,5317.8701171875,3111.01806640625,18477.009765625,38556.87109375
62,2024-05-30,73400,74900,70100,71700,1120765,-0.8298755186721992,4180814000.0,-2066423500.0,-2036636500.0,-77754000.0,31.88,13.24,0.0,2635.43994140625,5266.9501953125,16920.580078125,5219.31982421875,3091.677978515625,18230.189453125,38054.12890625
63,2024-05-31,73700,74800,72500,73900,1645795,3.0683403068340307,13968314500.0,-1791958000.0,-16340379000.0,4164022500.0,32.86,13.65,0.0,2636.52001953125,5235.47998046875,16737.080078125,5173.259765625,3086.81298828125,18079.609375,38487.8984375
64,2024-06-03,73900,73900,67700,71900,2016645,-2.706359945872801,9232782500.0,3593644000.0,10367864500.0,-23194291000.0,31.97,13.28,0.0,2682.52001953125,5277.509765625,16735.01953125,5123.35986328125,3078.489013671875,18403.0390625,38923.03125
65,2024-06-04,71900,71900,65300,65700,1981500,-8.6230876216968,-18788033500.0,2165896000.0,19151945500.0,-2529808000.0,29.21,12.13,0.0,2662.10009765625,5283.39990234375,16828.669921875,5152.509765625,3091.198974609375,18444.109375,38837.4609375
66,2024-06-05,64600,67400,64300,65200,1113570,-0.76103500761035,-382302500.0,-900558500.0,-2318471000.0,3601332000.0,28.99,12.04,0.0,2689.5,5291.33984375,16857.05078125,5116.27001953125,3065.403076171875,18424.9609375,38490.171875
67,2024-06-07,65200,66500,63600,64900,844095,-0.4601226993865031,2886291000.0,-287133500.0,-10342659500.0,7743502000.0,28.86,11.99,0.0,2722.669921875,5352.9599609375,17173.119140625,5301.68017578125,3051.279052734375,18366.94921875,38683.9296875
68,2024-06-10,65000,68600,65000,67000,1121350,3.2357473035439135,3734121000.0,-1011763500.0,-1345653500.0,-1376704000.0,29.79,12.37,0.0,2701.169921875,5346.990234375,17133.130859375,5287.240234375,,,39038.16015625
69,2024-06-11,67400,75600,67100,72400,2532315,8.059701492537313,7422808000.0,-897928500.0,-15330508000.0,8805628500.0,32.19,13.37,0.0,2705.320068359375,5360.7900390625,17192.529296875,5362.39990234375,3028.044921875,18176.33984375,39134.7890625
70,2024-06-12,72800,74300,70300,73700,1108675,1.7955801104972375,6243574500.0,396084000.0,-1951914000.0,-4687744500.0,32.77,13.61,0.0,2728.169921875,5375.31982421875,17343.55078125,5365.3798828125,3037.468017578125,17937.83984375,38876.7109375
71,2024-06-13,74700,78300,71700,74200,2360920,0.6784260515603799,18309846000.0,-10744648500.0,-12484812500.0,4919615000.0,32.99,13.7,0.0,2754.889892578125,5421.02978515625,17608.439453125,5520.8701171875,3028.9189453125,18112.630859375,38720.46875
72,2024-06-14,77800,81300,76200,78000,3152850,5.121293800539084,21555159000.0,-17270311500.0,344941500.0,-4629789000.0,34.68,14.41,0.0,2758.419921875,5433.740234375,17667.560546875,5602.419921875,3032.633056640625,17941.779296875,38814.55859375
73,2024-06-17,77300,79000,75500,78000,985525,0.0,7194682000.0,-486249000.0,4397854500.0,-11106287500.0,34.68,14.41,0.0,2744.10009765625,5431.60009765625,17688.880859375,5598.31005859375,3015.89111328125,17936.119140625,38102.44140625
74,2024-06-18,77200,81000,76700,77900,1491660,-0.1282051282051282,-5329419500.0,-10794610500.0,-2633137000.0,18757167000.0,34.64,14.39,0.0,2763.919921875,5473.22998046875,17857.01953125,5688.10009765625,3030.24609375,17915.55078125,38482.109375
75,2024-06-19,78400,79500,73000,75200,1343540,-3.465982028241335,-7177745000.0,-155243500.0,4557091000.0,2775897500.0,33.44,13.89,0.0,2797.330078125,5487.02978515625,17862.23046875,5765.1201171875,3018.049072265625,18430.390625,38570.76171875
76,2024-06-20,74700,75700,72000,72900,820190,-3.0585106382978724,-13278329500.0,-1582478000.0,7220438000.0,7640369500.0,32.41,13.46,0.0,2807.6298828125,,,,3005.43701171875,18335.3203125,38633.01953125
77,2024-06-21,73800,79900,73400,79800,2419885,9.465020576131687,1546770000.0,-169445000.0,-27553319000.0,26175994000.0,35.48,14.74,0.0,2784.260009765625,5473.169921875,17721.58984375,5610.009765625,2998.137939453125,18028.51953125,38596.46875
78,2024-06-24,79500,81600,76800,80000,1807055,0.2506265664160401,-5191211500.0,-4463614500.0,10719612500.0,-1064786500.0,35.57,14.78,0.0,2764.72998046875,5464.6201171875,17689.359375,5538.5400390625,2963.09912109375,18027.7109375,38804.6484375
79,2024-06-25,79000,80400,75600,75800,930125,-5.25,1808731000.0,-2233722000.0,10653776000.0,-10228785000.0,33.7,14.0,0.0,2774.389892578125,5447.8701171875,17496.8203125,5371.52001953125,2949.99609375,18072.900390625,39173.1484375
80,2024-06-26,75700,80700,75100,80500,1363970,6.200527704485488,5493806500.0,-3805220500.0,-25657552500.0,23968966500.0,35.79,14.87,0.0,2792.050048828125,5469.2998046875,17717.650390625,5467.66015625,2972.52490234375,18089.9296875,39667.0703125
81,2024-06-27,80000,81900,78800,80300,794810,-0.2484472049689441,8785112000.0,-5893330000.0,-773443000.0,-2118339000.0,35.7,14.83,0.0,2784.06005859375,5477.89990234375,17805.16015625,5452.31982421875,2945.85205078125,17716.470703125,39341.5390625
82,2024-06-28,80000,81200,78500,78600,686660,-2.1170610211706102,-713350500.0,-1609033500.0,-219846500.0,2542230500.0,34.95,14.52,0.0,2797.820068359375,5482.8701171875,17858.6796875,5421.08984375,2967.403076171875,17718.609375,39583.078125
83,2024-07-01,79800,81100,76000,76000,1205140,-3.307888040712468,3803325000.0,-1005482500.0,1148179500.0,-3946022000.0,33.79,14.04,0.0,2804.31005859375,5460.47998046875,17732.599609375,5472.259765625,2994.72998046875,,39631.05859375
84,2024-07-02,76400,78000,71500,75600,1405975,-0.5263157894736842,-368117500.0,-1964245000.0,-3014105500.0,5346468000.0,33.61,13.96,0.0,2780.860107421875,5475.08984375,17879.30078125,5477.14990234375,2997.010986328125,17769.140625,40074.69140625
85,2024-07-03,75900,76000,67100,67700,2639090,-10.44973544973545,-33249203000.0,-3103170500.0,48883375500.0,-12531002000.0,30.1,12.5,0.0,2794.010009765625,5509.009765625,18028.759765625,5544.990234375,2982.3759765625,17978.5703125,40580.76171875
86,2024-07-04,67500,69500,66200,67800,1594400,0.14771048744460857,-17579420500.0,-620429000.0,698930500.0,17500919000.0,30.15,12.52,0.0,2824.93994140625,5537.02001953125,18188.30078125,5651.72021484375,2957.56689453125,18028.279296875,40913.6484375
87,2024-07-05,67800,67800,63300,63300,2630200,-6.637168141592921,-24659404000.0,-2566948500.0,7828716000.0,19397636500.0,28.15,11.69,0.0,2862.22998046875,,,,2949.93310546875,17799.609375,40912.37109375
88,2024-07-08,62700,64900,62700,64300,1177870,1.579778830963665,-8097386000.0,-1496745000.0,7409594000.0,2184537000.0,28.59,11.88,0.0,2857.760009765625,5567.18994140625,18352.759765625,5656.31005859375,2922.449951171875,17524.060546875,40780.69921875
89,2024-07-09,64300,64800,60200,60200,2104325,-6.376360808709176,-15134716500.0,-843344000.0,6354813500.0,9623247000.0,26.77,11.12,0.0,2867.3798828125,5572.85009765625,18403.740234375,5765.2099609375,2959.3720703125,17523.23046875,41580.171875
90,2024-07-10,60500,61600,58899,60300,1195095,0.16611295681063123,-5118224500.0,104481000.0,7069529500.0,-2055786000.0,26.81,11.14,0.0,2867.989990234375,5576.97998046875,18429.2890625,5765.2001953125,2939.364013671875,17471.669921875,41831.98828125
91,2024-07-11,60300,61000,57000,57700,2187085,-4.311774461028192,-20191316500.0,-1832521500.0,2396334500.0,19627503500.0,25.66,10.66,0.0,2891.35009765625,5633.91015625,18647.44921875,5904.5400390625,2970.386962890625,17832.330078125,42224.01953125
92,2024-07-12,57700,58000,56000,56700,974055,-1.733102253032929,1742135500.0,-263984000.0,935845000.0,-2413996500.0,25.21,10.47,0.0,2857.0,5584.5400390625,18283.41015625,5699.66015625,2971.294921875,18293.380859375,41190.6796875
93,2024-07-15,57600,58900,57300,58200,1049840,2.6455026455026456,13198817500.0,-266405000.0,-7643023500.0,-5289389000.0,25.88,10.75,0.0,2860.919921875,5615.35009765625,18398.44921875,5775.18994140625,2974.010986328125,18015.939453125,
94,2024-07-16,58900,60200,57200,57500,796265,-1.202749140893471,2803087500.0,88154500.0,731167000.0,-3622409000.0,25.57,10.62,0.0,2866.090087890625,5631.22021484375,18472.5703125,5777.7099609375,2976.303955078125,17727.98046875,41275.078125
95,2024-07-17,58300,61000,57599,59700,1095035,3.826086956521739,215065500.0,276031500.0,-6769535500.0,6278438500.0,26.55,11.03,0.0,2843.2900390625,5667.2001953125,18509.33984375,5804.02978515625,2962.85498046875,17739.41015625,41097.69140625
96,2024-07-18,59599,60400,58000,58300,566525,-2.3450586264656614,-693770000.0,-561145500.0,5830768000.0,-4575852500.0,25.92,10.77,0.0,2824.35009765625,5588.27001953125,17996.919921875,5408.7099609375,2977.133056640625,17778.41015625,40126.3515625
97,2024-07-19,58700,58700,56300,56300,492100,-3.430531732418525,-1320898000.0,213826000.0,3354208500.0,-2247136500.0,25.03,10.4,0.0,2795.4599609375,5544.58984375,17871.220703125,5436.419921875,2982.30908203125,17417.6796875,40063.7890625
98,2024-07-22,56300,56500,53400,54000,854110,-4.085257548845471,-2262963500.0,-457197500.0,-7941519000.0,10661680000.0,24.01,9.97,0.0,2763.510009765625,5505.0,17726.939453125,5267.16015625,2964.216064453125,17635.880859375,39599.0
99,2024-07-23,54400,56800,52900,56600,758315,4.814814814814815,1608525000.0,836711500.0,-6671171500.0,4225935000.0,25.17,10.45,0.0,2774.2900390625,5564.41015625,18007.5703125,5477.830078125,2915.368896484375,17469.359375,39594.390625
100,2024-07-24,57300,60500,57200,58800,1012575,3.8869257950530036,5679658500.0,410425500.0,-2868666500.0,-3221417500.0,26.14,10.86,0.0,2758.7099609375,5555.740234375,17997.349609375,5397.89990234375,2901.951904296875,17311.05078125,39154.8515625
101,2024-07-25,57800,59400,57000,57200,466070,-2.7210884353741496,61478000.0,-277698500.0,3677334000.0,-3461113500.0,25.43,10.56,0.0,2710.64990234375,5427.1298828125,17342.41015625,5105.64990234375,2886.741943359375,17021.91015625,37869.51171875
102,2024-07-26,57100,57300,54800,55100,487640,-3.6713286713286712,-171338000.0,109187500.0,97553500.0,-35403000.0,24.5,10.18,0.0,2731.89990234375,5399.22021484375,17181.720703125,5005.35986328125,2890.89697265625,17021.310546875,37667.41015625
103,2024-07-29,54800,57400,54800,56600,402770,2.722323049001815,-746559000.0,87732500.0,-1376196000.0,2035022500.0,25.17,10.45,0.0,2765.530029296875,5459.10009765625,17357.880859375,5103.1298828125,2891.844970703125,17238.33984375,38468.62890625
104,2024-07-30,56700,58100,56100,57100,363075,0.88339222614841,181261500.0,79587000.0,771851500.0,-1032700000.0,25.39,10.55,0.0,2738.18994140625,5463.5400390625,17370.19921875,5087.6201171875,2879.300048828125,17002.91015625,38525.94921875
105,2024-07-31,58100,61100,50100,50100,2635595,-12.259194395796849,-6382498500.0,-1253103500.0,20243388500.0,-12607786500.0,22.28,9.25,0.0,2770.68994140625,5436.43994140625,17147.419921875,4890.14990234375,2938.7490234375,17344.599609375,39101.8203125
106,2024-08-01,50300,51200,48900,49900,914975,-0.39920159680638717,-7006291000.0,-169829000.0,1367988000.0,5808132000.0,22.19,9.22,0.0,2777.679931640625,5522.2998046875,17599.400390625,5233.18017578125,2932.386962890625,17304.9609375,38126.328125
107,2024-08-02,48699,49000,45700,46300,935730,-7.214428857715431,-5639997500.0,4500.0,2085626000.0,3554367000.0,20.59,8.55,0.0,2676.18994140625,5446.68017578125,17194.150390625,4859.58984375,2905.337890625,16945.509765625,35909.69921875
108,2024-08-05,44400,45000,38380,41000,1155335,-11.447084233261338,-250888200.0,173908600.0,-7250886900.0,7327866500.0,18.23,7.57,0.0,2441.550048828125,5346.56005859375,16776.16015625,4607.759765625,2860.697998046875,16698.359375,31458.419921875
109,2024-08-06,41500,44900,41500,44200,739870,7.804878048780488,2080321000.0,16266000.0,-6790686500.0,4694099500.0,19.65,8.16,0.0,2522.14990234375,5186.330078125,16200.080078125,4519.4501953125,2867.283935546875,16647.33984375,34675.4609375
110,2024-08-07,43600,44700,42499,43800,487125,-0.904977375565611,666689000.0,-28167500.0,5095834500.0,-5734356000.0,19.48,8.09,0.0,2568.409912109375,5240.02978515625,16366.849609375,4567.56982421875,2869.833984375,16877.859375,35089.62109375
111,2024-08-08,43200,44900,42600,43600,370445,-0.45662100456621,469492500.0,52250500.0,1813765000.0,-2335508000.0,19.39,8.05,0.0,2556.72998046875,5199.5,16195.8095703125,4426.27001953125,2869.90087890625,16891.830078125,34831.1484375
112,2024-08-09,44300,46300,44100,45400,583120,4.128440366972478,599473500.0,37541500.0,-2816725000.0,2179710000.0,20.19,8.39,0.0,2588.429931640625,5319.31005859375,16660.01953125,4730.009765625,2862.194091796875,17090.23046875,35025.0
113,2024-08-12,46300,50800,46300,49400,1021170,8.81057268722467,8454845500.0,570084500.0,-8872182500.0,-152747500.0,21.97,9.12,0.0,2618.300048828125,5344.16015625,16745.30078125,4709.4501953125,2858.205078125,17111.650390625,
114,2024-08-13,49400,50900,47600,48400,541060,-2.0242914979757085,3414204000.0,-136906000.0,547973500.0,-3825271500.0,21.52,8.94,0.0,2621.5,5344.39013671875,16780.609375,4743.81982421875,2867.946044921875,17174.060546875,36232.51171875
115,2024-08-14,49300,51200,48800,51100,617300,5.578512396694215,4140374000.0,443339000.0,-6266652500.0,1682939500.0,22.72,9.44,0.0,2644.5,5434.43017578125,17187.609375,4942.31005859375,2850.654052734375,17113.359375,36442.4296875
116,2024-08-16,52100,53200,51600,52100,523800,1.9569471624266144,1631787500.0,217003500.0,-19258000.0,-1829533000.0,23.17,9.62,0.0,2697.22998046875,5543.22021484375,17594.5,5173.3798828125,2879.429931640625,17430.16015625,38062.671875
117,2024-08-19,51500,53200,50400,52700,424230,1.1516314779270633,4287678500.0,76387500.0,-7103745500.0,2739679500.0,23.43,9.73,0.0,2674.360107421875,5554.25,17631.720703125,5170.25,2893.674072265625,17569.5703125,37388.62109375
118,2024-08-20,53400,55200,52800,55000,463960,4.364326375711575,4616232000.0,-1103807000.0,-9180336500.0,5667911500.0,24.46,10.16,0.0,2696.6298828125,5608.25,17876.76953125,5266.56982421875,2866.660888671875,17511.080078125,38062.921875
119,2024-08-21,54600,56300,53100,54000,566535,-1.8181818181818181,1498567000.0,-280082000.0,747018500.0,-1965503500.0,24.01,9.97,0.0,2701.1298828125,5597.1201171875,17816.939453125,5196.2998046875,2856.583984375,17391.009765625,37951.80078125
120,2024-08-22,54000,54900,52100,52600,314385,-2.5925925925925926,-1192776000.0,-134271000.0,-1026516500.0,2353563500.0,23.39,9.72,0.0,2707.669921875,5620.85009765625,17918.990234375,5267.93017578125,2848.77197265625,17641.0,38211.01171875
121,2024-08-23,51400,53300,51200,52900,194760,0.5703422053231939,1024758000.0,-212896500.0,-2494030500.0,1682169000.0,23.52,9.77,0.0,2701.68994140625,5570.64013671875,17619.349609375,5086.89990234375,2854.367919921875,17612.099609375,38364.26953125
122,2024-08-26,52900,52900,50600,51000,333845,-3.5916824196597354,-2948625500.0,-615894000.0,1254266500.0,2310253000.0,22.68,9.42,0.0,2698.010009765625,5634.60986328125,17877.7890625,5228.64990234375,2855.52001953125,17798.73046875,38110.21875
123,2024-08-27,50000,51800,49800,50400,738620,-1.1764705882352942,-16019985000.0,-181355000.0,8739465500.0,7461874500.0,22.41,9.31,0.0,2689.25,5616.83984375,17725.76953125,5097.35009765625,2848.73095703125,17874.669921875,38288.62109375
124,2024-08-28,51000,54000,50400,51200,958675,1.5873015873015872,-12532218000.0,500794500.0,6989030000.0,5042393500.0,22.77,9.46,0.0,2689.830078125,5625.7998046875,17754.8203125,5153.6298828125,2837.428955078125,17692.44921875,38371.76171875
125,2024-08-29,51200,52800,50500,51300,382885,0.1953125,858606000.0,228500.0,131026000.0,-989860500.0,22.81,9.48,0.0,2662.280029296875,5592.18017578125,17556.029296875,5059.56005859375,2823.10595703125,17786.3203125,38362.53125
126,2024-08-30,51300,52000,50600,51400,324940,0.1949317738791423,-880455000.0,41346500.0,-661237500.0,1500346000.0,22.85,9.49,0.0,2674.31005859375,5591.9599609375,17516.4296875,5029.25,2842.214111328125,17989.0703125,38647.75
127,2024-09-02,54100,54600,52000,52900,818285,2.9182879377431905,6145988000.0,372442000.0,-3620898500.0,-2897531500.0,23.52,9.77,0.0,2681.0,5648.39990234375,17713.619140625,5158.81982421875,2811.034912109375,17691.970703125,38700.87109375
128,2024-09-03,53000,57900,52500,57300,1322505,8.31758034026465,6233143500.0,294894000.0,-6944417500.0,416380000.0,25.48,10.58,0.0,2664.6298828125,,,,2802.97900390625,17651.490234375,38686.30859375
129,2024-09-04,55200,58200,55100,55900,931235,-2.4432809773123907,6056104000.0,332510000.0,-1013510500.0,-5375103500.0,24.86,10.32,0.0,2580.800048828125,5528.93017578125,17136.30078125,4759.0,2784.278076171875,17457.33984375,37047.609375
130,2024-09-05,57000,58200,55500,57200,694585,2.3255813953488373,5670311500.0,-76190000.0,-2752451500.0,-2841670000.0,25.43,10.56,0.0,2575.5,5520.06982421875,17084.30078125,4770.85009765625,2788.31396484375,17444.30078125,36657.08984375
131,2024-09-06,56600,58100,55200,56900,624735,-0.5244755244755245,3566333000.0,-326608500.0,-3040575500.0,-199149000.0,25.3,10.51,0.0,2544.280029296875,5503.41015625,17127.66015625,4742.419921875,2765.806884765625,,36391.46875
132,2024-09-09,56000,58500,56000,58100,677975,2.10896309314587,3748378500.0,103779000.0,-4077871500.0,225714000.0,25.83,10.73,0.0,2535.929931640625,5408.419921875,16690.830078125,4528.22021484375,2736.488037109375,17196.9609375,36215.75
133,2024-09-10,58600,58600,55500,55500,551600,-4.475043029259897,1058088000.0,14014000.0,-333736000.0,-738366000.0,24.68,10.25,0.0,2523.429931640625,5471.0498046875,16884.599609375,4625.77978515625,2744.19189453125,17234.08984375,36159.16015625
134,2024-09-11,55800,59800,55800,59000,1177560,6.306306306306306,3293582000.0,209697500.0,-13466610500.0,9963331000.0,26.23,10.9,0.0,2513.3701171875,5495.52001953125,17025.880859375,4680.669921875,2721.794921875,17108.7109375,35619.76953125
135,2024-09-12,59399,59500,57400,58700,528510,-0.5084745762711864,-802611500.0,-3054362500.0,5134831500.0,-1277857500.0,26.1,10.84,0.0,2572.090087890625,5554.1298828125,17395.529296875,4910.169921875,2717.123046875,17240.390625,36833.26953125
136,2024-09-13,58900,59399,58200,58900,344350,0.34071550255536626,2335562000.0,853513000.0,-5624717500.0,2435642500.0,26.19,10.88,0.0,2575.409912109375,5595.759765625,17569.6796875,4898.43994140625,2704.090087890625,17369.08984375,36581.76171875
137,2024-09-19,58900,58900,55900,56900,617885,-3.395585738539898,-10266271000.0,-759894500.0,7566617500.0,3459548000.0,25.3,10.51,0.0,2580.800048828125,5618.259765625,17573.30078125,4859.2900390625,2736.02197265625,18013.16015625,37155.328125
138,2024-09-20,56800,57500,55500,56900,1173740,0.0,-5357770000.0,-148702000.0,507755000.0,4998717000.0,25.3,10.51,0.0,2593.3701171875,5713.64013671875,18013.98046875,5066.64990234375,2736.81396484375,18258.5703125,37723.91015625
139,2024-09-23,59599,60500,57800,58300,869315,2.460456942003515,-1975464500.0,-118478000.0,1999887500.0,94055000.0,25.92,10.77,0.0,2602.010009765625,5702.5498046875,17948.3203125,5000.06005859375,2748.91796875,18247.109375,
140,2024-09-24,58300,58300,55100,55100,652630,-5.4888507718696395,-7103792000.0,-112263500.0,11742862500.0,-4526807000.0,24.5,10.18,0.0,2631.679931640625,5718.56982421875,17974.26953125,5025.81005859375,2863.1259765625,19000.560546875,37940.58984375
141,2024-09-25,55100,56400,52200,52700,925415,-4.3557168784029034,-4570918000.0,-1081264500.0,3534560500.0,2117622000.0,23.43,9.73,0.0,2596.320068359375,5732.93017578125,18074.51953125,5091.77978515625,2896.305908203125,19129.099609375,37870.26171875
142,2024-09-26,52700,53700,51400,53200,582840,0.9487666034155597,-1714660000.0,-56623000.0,4357761000.0,-2586478000.0,23.65,9.83,0.0,2671.570068359375,5722.259765625,18082.2109375,5132.52001953125,3000.952880859375,19924.580078125,38925.62890625
143,2024-09-27,53000,53700,51000,51000,611295,-4.135338345864661,-3080364500.0,-371864500.0,7447833000.0,-3995604000.0,22.68,9.42,0.0,2649.780029296875,5745.3701171875,18190.2890625,5310.5,3087.529052734375,20632.30078125,39829.55859375
144,2024-09-30,51000,53400,50700,53300,512105,4.509803921568627,899410000.0,521769000.0,-4581563500.0,3160384500.0,23.7,9.84,0.0,2593.27001953125,5738.169921875,18119.58984375,5217.22998046875,3336.4970703125,21133.6796875,37919.55078125
145,2024-10-02,52200,54000,50000,50100,896685,-6.0037523452157595,-8560646000.0,-20060500.0,14444639000.0,-5863932500.0,22.28,9.25,0.0,2561.68994140625,5708.75,17910.359375,5024.93994140625,,22443.73046875,37808.76171875
146,2024-10-04,50800,52400,50200,51700,566300,3.1936127744510974,520772500.0,43478000.0,-9423789500.0,8859539000.0,22.99,9.55,0.0,2569.7099609375,5699.93994140625,17918.48046875,5125.2099609375,,22736.869140625,38635.62109375
147,2024-10-07,51500,53000,51500,52800,376080,2.127659574468085,-2631837000.0,15013500.0,-1987657500.0,4604481000.0,23.48,9.75,0.0,2610.3798828125,5751.06982421875,18137.849609375,5206.83984375,,23099.779296875,39332.73828125
148,2024-10-08,52600,54000,52200,53400,384975,1.1363636363636365,8454000.0,-188721500.0,-7955057500.0,8135325000.0,23.74,9.86,0.0,2594.360107421875,5695.93994140625,17923.900390625,5196.7998046875,3489.77490234375,20926.7890625,38937.5390625
149,2024-10-10,53700,54600,53100,54400,397575,1.8726591760299627,-261630000.0,-510814000.0,-6170448000.0,6942892000.0,24.19,10.05,0.0,2599.159912109375,5792.0400390625,18291.619140625,5321.89990234375,3301.926025390625,21251.98046875,39380.890625
150,2024-10-11,54000,54700,53600,54500,354680,0.1838235294117647,-4507022000.0,22456500.0,-4086384000.0,8570949500.0,24.23,10.07,0.0,2596.909912109375,5780.0498046875,18282.05078125,5293.93994140625,3217.738037109375,,39605.80078125
151,2024-10-14,54500,54900,53600,54500,347330,0.0,-2979869500.0,-55284500.0,-3479279500.0,6514433500.0,24.23,10.07,0.0,2623.2900390625,5815.02978515625,18342.939453125,5335.93994140625,3284.322998046875,21092.869140625,
152,2024-10-15,54600,54700,53200,53600,528660,-1.651376146788991,-12848455000.0,-13721000.0,-1730614500.0,14592790500.0,23.83,9.9,0.0,2633.449951171875,5859.85009765625,18502.689453125,5432.2099609375,3201.2919921875,20318.7890625,39910.55078125
153,2024-10-16,53100,53500,51200,51600,596975,-3.731343283582089,-9522070500.0,92132500.0,4128723000.0,5301215000.0,22.94,9.53,0.0,2610.360107421875,5815.259765625,18315.58984375,5145.2099609375,3202.947998046875,20286.849609375,39180.30078125
154,2024-10-17,51200,53800,51200,53300,651695,3.2945736434108532,5335676500.0,388857500.0,-4441905000.0,-1282629000.0,23.7,9.84,0.0,2609.300048828125,5842.47021484375,18367.080078125,5155.85986328125,3169.384033203125,20079.099609375,38911.19140625
155,2024-10-18,0,0,0,53300,0,0.0,0.0,0.0,0.0,0.0,23.7,9.84,0.0,2593.820068359375,5841.47021484375,18373.609375,5204.81005859375,3261.56298828125,20804.109375,38981.75
156,2024-10-21,0,0,0,53300,0,0.0,0.0,0.0,0.0,0.0,23.7,9.84,0.0,2604.919921875,5864.669921875,18489.55078125,5208.6201171875,3268.110107421875,20478.4609375,38954.6015625
157,2024-10-22,0,0,0,53300,0,0.0,0.0,0.0,0.0,0.0,23.7,9.84,0.0,2570.699951171875,5853.97998046875,18540.009765625,5215.2099609375,3285.866943359375,20498.94921875,38411.9609375
158,2024-10-23,0,0,0,53300,0,0.0,0.0,0.0,0.0,0.0,23.7,9.84,0.0,2599.6201171875,5851.2001953125,18579.76953125,5190.7099609375,3302.802978515625,20760.150390625,38104.859375
159,2024-10-24,0,0,0,53300,0,0.0,0.0,0.0,0.0,0.0,23.7,9.84,0.0,2581.030029296875,5797.419921875,18276.650390625,5131.3701171875,3280.262939453125,20489.619140625,38143.2890625
160,2024-10-25,0,0,0,53300,0,0.0,0.0,0.0,0.0,0.0,23.7,9.84,0.0,2583.27001953125,5809.85986328125,18415.490234375,5157.60986328125,3299.699951171875,20590.150390625,37913.921875
161,2024-10-28,0,0,0,53300,0,0.0,0.0,0.0,0.0,0.0,23.7,9.84,0.0,2612.429931640625,5808.1201171875,18518.609375,5212.830078125,3322.197998046875,20599.359375,38605.53125
162,2024-10-29,0,0,0,53300,0,0.0,0.0,0.0,0.0,0.0,23.7,9.84,0.0,2617.800048828125,5823.52001953125,18567.189453125,5211.669921875,3286.406982421875,20701.140625,38903.6796875
163,2024-10-30,0,0,0,53300,0,0.0,0.0,0.0,0.0,0.0,23.7,9.84,0.0,2593.7900390625,5832.919921875,18712.75,5332.169921875,3266.238037109375,20380.640625,39277.390625
164,2024-10-31,53900,54200,49700,50100,706639,-6.0037523452157595,-4072568050.0,-496822800.0,10752270000.0,-6182879150.0,22.28,9.25,0.0,2556.14990234375,5813.669921875,18607.9296875,5153.490234375,3279.823974609375,20317.330078125,39081.25
165,2024-11-01,50100,50100,46200,46300,622175,-7.584830339321358,-1586416900.0,-47896850.0,7894743350.0,-6260429600.0,20.59,8.55,0.0,2542.360107421875,5705.4501953125,18095.150390625,4946.75,3272.013916015625,20506.4296875,38053.671875
166,2024-11-04,46000,48000,46000,46650,351741,0.755939524838013,-802856300.0,24397700.0,1379833600.0,-601375000.0,20.74,8.62,0.0,2588.969970703125,5728.7998046875,18239.919921875,5001.43017578125,3310.20703125,20567.51953125,
167,2024-11-05,46400,50700,46350,48550,455881,4.072883172561629,987173150.0,-21879950.0,-713066000.0,-252227200.0,21.59,8.97,0.0,2576.8798828125,5712.68994140625,18179.98046875,4974.0,3386.987060546875,21006.970703125,38474.8984375
168,2024-11-06,49150,52600,48300,52200,723758,7.518022657054583,3694327100.0,1430100.0,-4710357700.0,1014600500.0,23.21,9.64,0.0,2563.510009765625,5782.759765625,18439.169921875,5057.830078125,3383.805908203125,20538.380859375,39480.671875
169,2024-11-07,52900,53000,49250,50500,701777,-3.256704980842912,3757739900.0,181893500.0,2485414450.0,-6425047850.0,22.45,9.33,0.0,2564.6298828125,5929.0400390625,18983.470703125,5215.56982421875,3470.660888671875,20953.33984375,39381.41015625
170,2024-11-08,51100,52100,49200,49200,375051,-2.5742574257425743,390897250.0,-29965900.0,2664571800.0,-3025503150.0,21.88,9.09,0.0,2561.14990234375,5973.10009765625,19269.4609375,5333.990234375,3452.297119140625,20728.189453125,39500.37109375
171,2024-11-11,49200,49250,45150,47100,469670,-4.2682926829268295,-415525600.0,-57737950.0,743871250.0,-270607700.0,20.94,8.7,0.0,2531.659912109375,5995.5400390625,19286.779296875,5290.52001953125,3470.06591796875,20426.9296875,39533.3203125
172,2024-11-12,46100,46450,42000,42050,763383,-10.721868365180468,-3811072350.0,-169228900.0,3808063950.0,172237300.0,18.7,7.77,0.0,2482.570068359375,6001.35009765625,19298.759765625,5156.39013671875,3421.969970703125,19846.880859375,39376.08984375
173,2024-11-13,42050,44050,41000,43000,465871,2.2592152199762188,1097080550.0,-8303050.0,-4056304600.0,2967527100.0,19.12,7.94,0.0,2417.080078125,5983.990234375,19281.400390625,5108.64013671875,3439.278076171875,19823.44921875,38721.66015625
174,2024-11-14,42700,44350,41300,41900,393450,-2.558139534883721,-1054960000.0,-14239400.0,-335456700.0,1404656100.0,18.63,7.74,0.0,2418.860107421875,5985.3798828125,19230.720703125,5006.2900390625,3379.839111328125,19435.810546875,38535.69921875
175,2024-11-15,40700,43250,39700,42950,452101,2.5059665871121717,1908488600.0,31470650.0,-3275181150.0,1335221900.0,19.1,7.93,0.0,2416.860107421875,5949.169921875,19107.650390625,5004.58984375,3330.72607421875,19426.33984375,38642.91015625
176,2024-11-18,42400,47650,42400,47400,527552,10.360884749708964,5254114150.0,55801500.0,-6575520100.0,1265604450.0,21.08,8.76,0.0,2469.070068359375,5870.6201171875,18680.119140625,4833.58984375,3323.84912109375,19576.609375,38220.8515625
177,2024-11-19,47400,50000,47000,50000,458770,5.485232067510549,7028578300.0,-2433500.0,-7188183650.0,162038850.0,22.23,9.24,0.0,2471.949951171875,5893.6201171875,18791.810546875,4888.77001953125,3346.010009765625,19663.669921875,38414.4296875
178,2024-11-20,50000,52400,49500,51500,547455,3.0,7664123150.0,-3871374750.0,-7213132600.0,3420384200.0,22.9,9.51,0.0,2482.2900390625,5916.97998046875,18987.470703125,4919.16015625,3367.989013671875,19705.009765625,38352.33984375
179,2024-11-21,51000,51600,49100,49100,409540,-4.660194174757281,4995776600.0,-1748855600.0,471106100.0,-3718027100.0,21.83,9.07,0.0,2480.6298828125,5917.10986328125,18966.140625,4884.25,3370.404052734375,19601.109375,38026.171875
180,2024-11-22,50800,53200,50400,51400,589046,4.684317718940937,1802682900.0,-2093039200.0,-1332754800.0,1623111100.0,22.85,9.49,0.0,2501.239990234375,5948.7099609375,18972.419921875,4963.0498046875,3267.19189453125,19229.970703125,38283.8515625
181,2024-11-25,52000,54400,52000,53100,574155,3.3073929961089497,4720246600.0,-1380176100.0,-3469480700.0,129410200.0,23.61,9.81,0.0,2534.340087890625,5969.33984375,19003.650390625,4955.7998046875,3263.760009765625,19150.990234375,38780.140625
182,2024-11-26,54200,54300,50800,51500,380799,-3.0131826741996233,1980305500.0,-1598891500.0,1819662000.0,-2201076000.0,22.9,9.51,0.0,2520.360107421875,5987.3701171875,19054.83984375,4987.919921875,3259.757080078125,19159.19921875,38442.0
183,2024-11-27,51500,52700,50000,51200,301346,-0.5825242718446602,-1985086800.0,-306983900.0,742990800.0,1549079900.0,22.77,9.46,0.0,2503.06005859375,6021.6298828125,19174.30078125,4927.56005859375,3309.779052734375,19603.130859375,38134.96875
184,2024-11-28,50500,52000,50400,51400,186065,0.390625,-852189100.0,-594678400.0,-368539100.0,1815406600.0,22.85,9.49,0.0,2504.669921875,5998.740234375,19060.48046875,4853.009765625,3295.697998046875,19366.9609375,38349.05859375
185,2024-11-29,51500,52700,49250,49250,316692,-4.182879377431906,1076320800.0,522000.0,1105602250.0,-2182445050.0,21.9,9.1,0.0,2455.909912109375,,,,3326.4560546875,19423.609375,38208.03125
186,2024-12-02,49250,51000,48300,48950,287940,-0.6091370558375634,-736455400.0,-274674850.0,-1662173700.0,2673303950.0,21.77,9.04,0.0,2454.47998046875,6032.3798828125,19218.169921875,4926.56005859375,3363.98193359375,19550.2890625,38513.01953125
187,2024-12-03,48950,53400,48900,52600,830198,7.456588355464761,2251353800.0,-6659049100.0,-1422638300.0,5830333600.0,23.39,9.72,0.0,2500.10009765625,6047.14990234375,19403.94921875,5055.31982421875,3378.805908203125,19746.3203125,39248.859375
188,2024-12-04,51000,52900,49850,51100,549582,-2.8517110266159698,2839237900.0,-2210174600.0,-1245588000.0,616524700.0,22.72,9.44,0.0,2464.0,6049.8798828125,19480.91015625,5035.85986328125,3364.64990234375,19742.4609375,39276.390625
189,2024-12-05,52400,54900,51800,53600,903700,4.892367906066536,7326858800.0,-2539398500.0,-5341627300.0,554167000.0,23.83,9.9,0.0,2441.85009765625,6086.490234375,19735.119140625,5121.77978515625,3368.85498046875,19560.439453125,39395.6015625
190,2024-12-06,54900,55000,50700,53800,721156,0.3731343283582089,5078954300.0,-21168000.0,-1649425000.0,-3408361300.0,23.92,9.94,0.0,2428.159912109375,6075.10986328125,19700.259765625,5026.3701171875,3404.075927734375,19865.849609375,39091.171875
191,2024-12-09,52200,53700,50200,50500,437926,-6.133828996282528,-432812400.0,-88713800.0,1220770200.0,-699244000.0,22.45,9.33,0.0,2360.580078125,6090.27001953125,19859.76953125,5061.2998046875,3402.533935546875,20414.08984375,39160.5
192,2024-12-10,50900,54300,50900,53900,629303,6.732673267326733,4265112400.0,13470700.0,-8418107000.0,4139523900.0,23.97,9.96,0.0,2417.840087890625,6052.85009765625,19736.689453125,5018.83984375,3422.660888671875,20311.279296875,39367.578125
193,2024-12-11,55900,58400,53500,54900,1341236,1.855287569573284,-1022555800.0,-2097381300.0,5373458100.0,-2253521000.0,24.41,10.14,0.0,2442.510009765625,6034.91015625,19687.240234375,4894.7001953125,3432.489990234375,20155.05078125,39372.23046875
194,2024-12-12,55600,56700,53800,55300,1934684,0.7285974499089253,20265647800.0,49836300.0,635878700.0,-20951362800.0,24.59,10.21,0.0,2482.1201171875,6084.18994140625,20034.890625,5027.7998046875,3461.5,20397.05078125,39849.140625
195,2024-12-13,55000,55900,53500,53800,520692,-2.7124773960216997,-111251700.0,23468800.0,6752515700.0,-6664732800.0,23.92,9.94,0.0,2494.4599609375,6051.25,19902.83984375,4982.18994140625,3391.8779296875,19971.240234375,39470.44140625
196,2024-12-16,53900,55400,52900,54300,390099,0.929368029739777,-142786200.0,157237400.0,40334700.0,-54785900.0,24.14,10.03,0.0,2488.969970703125,6051.08984375,19926.720703125,5149.77978515625,3386.3310546875,19795.490234375,39457.48828125
197,2024-12-17,54100,54200,52500,52800,228601,-2.7624309392265194,766727600.0,-21880600.0,355392700.0,-1100239700.0,23.48,9.75,0.0,2456.81005859375,6074.080078125,20173.890625,5256.06005859375,3361.485107421875,19700.48046875,39364.6796875
198,2024-12-18,53500,53500,51500,51600,263421,-2.272727272727273,-1859061800.0,-47595200.0,2257818800.0,-351161800.0,22.94,9.53,0.0,2484.429931640625,6050.60986328125,20109.060546875,5169.7900390625,3382.2080078125,19864.55078125,39081.7109375
199,2024-12-19,50000,50700,49050,49500,629317,-4.069767441860465,-1350043000.0,-67415300.0,2055640150.0,-638181850.0,22.01,9.14,0.0,2435.929931640625,5872.16015625,19392.689453125,4970.97998046875,3370.032958984375,19752.509765625,38813.578125
200,2024-12-20,49300,49400,47000,47250,539098,-4.545454545454546,-1348586600.0,-133561350.0,1532617450.0,-50469500.0,21.01,8.73,0.0,2404.14990234375,5867.080078125,19372.76953125,4893.47021484375,3368.069091796875,19720.69921875,38701.8984375
201,2024-12-23,47700,48750,47250,48150,388208,1.9047619047619049,346178400.0,-122708750.0,-5096473200.0,4873003550.0,21.41,8.89,0.0,2442.010009765625,5930.85009765625,19572.599609375,4964.91015625,3351.257080078125,19883.130859375,39161.33984375
202,2024-12-24,48550,50900,47600,50900,520069,5.711318795430945,687988350.0,-49073450.0,-6040790500.0,5401875600.0,22.63,9.4,0.0,2440.52001953125,5974.06982421875,19764.880859375,5118.75,3393.528076171875,20098.2890625,39036.8515625
203,2024-12-26,51200,51500,50000,50200,266654,-1.37524557956778,-1366024200.0,-38523500.0,-982503600.0,2387051300.0,22.32,9.27,0.0,2429.669921875,,,,3398.076904296875,,39568.05859375
204,2024-12-27,49600,50300,48750,49000,269999,-2.3904382470119523,-2381055350.0,5046500.0,24570600.0,2351438250.0,21.79,9.05,0.0,2404.77001953125,6037.58984375,20020.359375,5175.31005859375,3400.14208984375,20090.4609375,40281.16015625
205,2024-12-30,48900,50500,48800,50000,230639,2.0408163265306123,-182695250.0,10241450.0,-1246757900.0,1419211700.0,22.23,9.24,0.0,2399.489990234375,5970.83984375,19722.029296875,5122.97021484375,3407.325927734375,20041.419921875,39894.5390625
206,2025-01-02,50400,51400,49600,51100,228565,2.1999999999999997,406024000.0,32633700.0,-1825449850.0,1386792150.0,22.72,9.44,0.0,2398.93994140625,5881.6298828125,19310.7890625,4979.93017578125,3262.56103515625,19623.3203125,
207,2025-01-03,51700,54500,51200,54100,647644,5.870841487279844,7680306300.0,94375000.0,-12819978200.0,5045296900.0,24.06,9.99,0.0,2441.919921875,5868.5498046875,19280.7890625,5021.5,3211.429931640625,19760.26953125,
208,2025-01-06,54500,56200,52700,54300,736956,0.36968576709796674,-2077822900.0,-161901600.0,-509015500.0,2748740000.0,24.14,10.03,0.0,2488.639892578125,5942.47021484375,19621.6796875,5163.64990234375,3206.923095703125,19688.2890625,39307.05078125
209,2025-01-07,54300,55100,53500,54700,303999,0.7366482504604052,-851866200.0,16275000.0,-2317768400.0,3153359600.0,24.32,10.1,0.0,2492.10009765625,5975.3798828125,19864.98046875,5310.14013671875,3229.64404296875,19447.580078125,40083.30078125
210,2025-01-08,54000,56000,53200,55400,695507,1.2797074954296161,-2147823400.0,-383681900.0,-924561600.0,3456066900.0,24.63,10.23,0.0,2521.050048828125,5909.02978515625,19489.6796875,5212.25,3230.16796875,19279.83984375,39981.05859375
211,2025-01-09,56000,56000,53500,54200,491611,-2.166064981949458,-5540302000.0,17848600.0,1799452000.0,3723001400.0,24.1,10.01,0.0,2521.89990234375,5918.25,19478.880859375,5162.35009765625,3211.39306640625,19240.890625,39605.08984375
212,2025-01-10,54200,54200,52000,52100,347627,-3.8745387453874542,-1356169200.0,-16330600.0,1516200600.0,-143700800.0,23.17,9.62,0.0,2515.780029296875,,,,3168.52392578125,19064.2890625,39190.3984375
213,2025-01-13,51600,53400,51000,52300,256134,0.3838771593090211,-878957400.0,-3494900.0,38316900.0,844135400.0,23.25,9.66,0.0,2489.56005859375,5827.0400390625,19161.630859375,5037.47021484375,3160.7548828125,18874.140625,
214,2025-01-14,52600,52700,50900,51300,302500,-1.9120458891013385,-1003312400.0,-36265300.0,1483780700.0,-444203000.0,22.81,9.48,0.0,2497.39990234375,5836.22021484375,19088.099609375,5020.0400390625,3240.93994140625,19219.779296875,38474.30078125
215,2025-01-15,51400,51500,49950,50200,335135,-2.144249512670565,-4517332350.0,-170102900.0,4743058950.0,-55623700.0,22.32,9.27,0.0,2496.81005859375,5842.91015625,19044.390625,5045.9501953125,3227.116943359375,19286.0703125,38444.578125
216,2025-01-16,50600,51200,50200,50900,312817,1.394422310756972,-4315335300.0,-127254200.0,3103372300.0,1339217200.0,22.63,9.4,0.0,2527.489990234375,5949.91015625,19511.23046875,5153.669921875,3236.031982421875,19522.890625,38572.6015625
217,2025-01-17,50600,50900,50000,50300,303755,-1.1787819253438114,-1971268200.0,-353156600.0,3012930300.0,-688505500.0,22.37,9.29,0.0,2523.550048828125,5937.33984375,19338.2890625,5162.9599609375,3241.821044921875,19584.060546875,38451.4609375
218,2025-01-20,50200,50300,49100,49600,368768,-1.3916500994035785,-3143782250.0,20965400.0,2120073450.0,1002743400.0,22.05,9.16,0.0,2520.050048828125,5996.66015625,19630.19921875,5309.740234375,3244.3779296875,19925.810546875,38902.5
219,2025-01-21,50100,51300,49500,49550,473636,-0.10080645161290322,-2572161250.0,-176299450.0,4021473350.0,-1273012650.0,22.03,9.15,0.0,2518.030029296875,,,,3242.623046875,20106.55078125,39027.98046875
220,2025-01-22,49600,50400,49500,49700,245632,0.30272452068617556,286973700.0,56266300.0,-277368400.0,-65871600.0,22.1,9.18,0.0,2547.06005859375,6049.240234375,19756.779296875,5378.5,3213.6240234375,19778.76953125,39646.25
221,2025-01-23,49600,49650,47100,47200,563040,-5.030181086519115,-3134787050.0,-26235300.0,6514271900.0,-3353249550.0,20.99,8.72,0.0,2515.489990234375,6086.3701171875,20009.33984375,5469.2900390625,3230.1640625,19700.560546875,39958.87109375
222,2025-01-24,47700,47950,46550,46700,374871,-1.059322033898305,-3700224600.0,-12096200.0,970220750.0,2742100050.0,20.76,8.63,0.0,2536.800048828125,6118.7099609375,20053.6796875,5444.68994140625,3252.6259765625,20066.189453125,39931.98046875
223,2025-01-31,46450,47300,45500,46200,362823,-1.070663811563169,-545383350.0,-8497000.0,-85677350.0,639557700.0,20.54,8.53,0.0,2517.3701171875,6071.169921875,19681.75,5030.52978515625,,,39572.48828125
224,2025-02-03,45500,45500,41550,42000,639086,-9.090909090909092,-4851649700.0,11433750.0,10391587650.0,-5551371700.0,18.67,7.76,0.0,2453.949951171875,6040.52978515625,19627.439453125,5015.85009765625,,20217.259765625,38520.08984375
225,2025-02-04,42650,46150,42650,45100,657938,7.380952380952381,-3217809250.0,28775350.0,-4289710150.0,7478744050.0,20.05,8.33,0.0,2481.68994140625,5994.56982421875,19391.9609375,4924.81005859375,,20789.9609375,38798.37109375
226,2025-02-05,46300,48300,46000,47500,625975,5.321507760532151,6491881900.0,130952050.0,-5168943150.0,-1453890800.0,21.12,8.77,0.0,2509.27001953125,6037.8798828125,19654.01953125,4976.58984375,3229.488037109375,20597.08984375,38831.48046875
227,2025-02-06,48000,49200,47100,49100,375119,3.3684210526315788,2536284700.0,52934000.0,-3607201700.0,1017983000.0,21.83,9.07,0.0,2536.75,6061.47998046875,19692.330078125,5091.5,3270.658935546875,20891.619140625,39066.53125
228,2025-02-07,48850,50600,48450,49500,489187,0.8146639511201629,4474153300.0,-24200200.0,-8456401550.0,4006448450.0,22.01,9.14,0.0,2521.919921875,6083.56982421875,19791.990234375,5092.58984375,3303.6669921875,21133.5390625,38787.01953125
229,2025-02-10,49500,51900,47650,48350,842283,-2.323232323232323,4294277250.0,123600500.0,209901550.0,-4627779300.0,21.5,8.93,0.0,2521.27001953125,6025.990234375,19523.400390625,5009.33984375,3322.169921875,21521.98046875,38801.171875
230,2025-02-11,52000,54200,50600,51500,1800795,6.514994829369184,12967573200.0,477436900.0,-19933153900.0,6488143800.0,22.9,9.51,0.0,2539.050048828125,6066.43994140625,19714.26953125,5082.669921875,3318.056884765625,21294.859375,
231,2025-02-12,51900,53100,50200,52000,472316,0.9708737864077669,4688161600.0,93557200.0,-3459357400.0,-1322361400.0,23.12,9.6,0.0,2548.389892578125,6068.5,19643.859375,5079.97021484375,3346.385009765625,21857.919921875,38963.69921875
232,2025-02-13,52400,53300,51300,52700,392385,1.3461538461538463,3510786300.0,318225300.0,-3562480900.0,-266530700.0,23.43,9.73,0.0,2583.169921875,6051.97021484375,19649.94921875,5090.7900390625,3332.48291015625,21814.369140625,39461.46875
233,2025-02-14,52200,55000,52200,53800,593602,2.0872865275142316,387643300.0,-302419200.0,-5342045600.0,5256821500.0,23.92,9.94,0.0,2591.050048828125,6115.06982421875,19945.640625,5156.39013671875,3346.72412109375,22620.330078125,39149.4296875
234,2025-02-17,53800,56400,53700,55300,879018,2.7881040892193307,4217231100.0,462270200.0,-7522852300.0,2843351000.0,24.59,10.21,0.0,2610.419921875,6114.6298828125,20026.76953125,5160.93994140625,3355.830078125,22616.23046875,39174.25
235,2025-02-18,55100,57000,53600,54000,676384,-2.3508137432188065,6044758300.0,-138607700.0,1145107400.0,-7051258000.0,24.01,9.97,0.0,2626.81005859375,,,,3324.490966796875,22976.810546875,39270.3984375
236,2025-02-19,54000,55000,52900,54500,392840,0.9259259259259258,3212355800.0,-129397000.0,-3270831200.0,187872400.0,24.23,10.07,0.0,2671.52001953125,6129.580078125,20041.259765625,5247.85986328125,3351.5390625,22944.240234375,39164.609375
237,2025-02-20,56200,56800,53700,54000,491110,-0.9174311926605505,-2748162600.0,126089000.0,2390461100.0,231612500.0,24.01,9.97,0.0,2654.06005859375,6144.14990234375,20056.25,5309.68994140625,3350.782958984375,22576.98046875,38678.0390625
238,2025-02-21,54000,56000,53100,55600,476122,2.9629629629629632,-1129641500.0,-3213400.0,-5613526800.0,6746381700.0,24.72,10.27,0.0,2654.580078125,6117.52001953125,19962.359375,5310.6298828125,3379.113037109375,23477.919921875,38776.94140625
239,2025-02-24,54300,55500,54200,54300,225988,-2.338129496402878,-540334500.0,-14077800.0,-258347600.0,812759900.0,24.14,10.03,0.0,2645.27001953125,6013.1298828125,19524.009765625,5136.58984375,3373.028076171875,23341.609375,
240,2025-02-25,54000,55800,53500,55300,293835,1.841620626151013,-1043301400.0,133235800.0,-1852556900.0,2762622500.0,24.59,10.21,0.0,2630.2900390625,5983.25,19286.9296875,5003.5400390625,3346.0400390625,23034.01953125,38237.7890625
241,2025-02-26,54700,55300,52500,54100,413514,-2.1699819168173597,-243840300.0,141577100.0,-391164600.0,493427800.0,24.06,9.99,0.0,2641.090087890625,5955.25,19026.390625,4888.8798828125,3380.214111328125,23787.9296875,38142.37109375
242,2025-02-27,55300,62300,54800,60100,4144501,11.090573012939002,3964375900.0,86764800.0,-18635331600.0,14584190900.0,26.72,11.1,0.0,2621.75,5956.06005859375,19075.259765625,4990.81982421875,3388.06201171875,23718.2890625,38256.171875
243,2025-02-28,59100,60900,58200,58800,988210,-2.1630615640599005,4397874600.0,163991400.0,6288455300.0,-10850321300.0,26.14,10.86,0.0,2532.780029296875,5861.56982421875,18544.419921875,4686.75,3320.89697265625,22941.3203125,37155.5
244,2025-03-04,59600,61300,57600,59500,905379,1.1904761904761905,3799016950.0,738353600.0,4332844800.0,-8870215350.0,26.46,10.99,0.0,2528.919921875,5849.72021484375,18350.189453125,4575.3701171875,3324.2099609375,22941.76953125,37331.1796875
245,2025-03-05,59900,64800,59600,63400,1693411,6.5546218487394965,2845526450.0,253449350.0,-885647000.0,-2213328800.0,28.19,11.71,0.0,2558.1298828125,5778.14990234375,18285.16015625,4604.509765625,3341.965087890625,23594.2109375,37418.23828125
246,2025-03-06,63400,65900,62400,64700,983816,2.050473186119874,3836650500.0,610087450.0,-3777726000.0,-669011950.0,28.77,11.95,0.0,2576.159912109375,5842.6298828125,18552.73046875,4700.7900390625,3381.097900390625,24369.7109375,37704.9296875
247,2025-03-07,66000,67000,62800,63800,688267,-1.3910355486862442,2707202400.0,-652981950.0,-3091145450.0,1036925000.0,28.37,11.78,0.0,2563.47998046875,5738.52001953125,18069.259765625,4487.85009765625,3372.5458984375,24231.30078125,36887.171875
248,2025-03-10,63900,66500,62700,65300,671304,2.3510971786833856,730105400.0,138716200.0,-2179046700.0,1310225100.0,29.04,12.06,0.0,2570.389892578125,5770.2001953125,18196.220703125,4629.58984375,3366.1630859375,23783.490234375,37028.26953125
249,2025-03-11,64000,68000,63600,65800,1164741,0.7656967840735069,-1860975000.0,-177612450.0,2069067150.0,-30479700.0,29.26,12.15,0.0,2537.60009765625,5614.56005859375,17468.3203125,4405.08984375,3379.827880859375,23782.140625,36793.109375
250,2025-03-12,65200,68900,64900,67500,919248,2.5835866261398177,4514157850.0,242910250.0,-12056917550.0,7299849450.0,30.01,12.47,0.0,2574.820068359375,5572.06982421875,17436.099609375,4374.06982421875,3371.924072265625,23600.310546875,36819.08984375
251,2025-03-13,67900,69500,67100,67700,533059,0.2962962962962963,1287063300.0,95745350.0,-5946708650.0,4563900000.0,30.1,12.5,0.0,2573.639892578125,5599.2998046875,17648.44921875,4481.02001953125,3358.72900390625,23462.650390625,36790.03125
252,2025-03-14,68200,68900,66900,67400,415810,-0.4431314623338257,2017223650.0,383155700.0,-3354167950.0,953788600.0,29.97,12.45,0.0,2566.360107421875,5521.52001953125,17303.009765625,4453.240234375,3419.56201171875,23959.98046875,37053.1015625
253,2025-03-17,67700,69600,67200,69100,464024,2.522255192878338,-793623650.0,214228600.0,-4182292550.0,4761687600.0,30.72,12.76,0.0,2610.68994140625,5638.93994140625,17754.08984375,4598.7900390625,3426.12890625,24145.5703125,37396.51953125
254,2025-03-18,69300,69300,66100,66900,569767,-3.183791606367583,-411196300.0,-352047200.0,-3218959950.0,3982203450.0,29.75,12.36,0.0,2612.340087890625,5675.1201171875,17808.66015625,4663.97021484375,3429.759033203125,24740.5703125,37845.421875
255,2025-03-19,66500,67800,65400,66800,402305,-0.14947683109118087,457482550.0,183983700.0,-5403775450.0,4762309200.0,29.7,12.34,0.0,2628.6201171875,5614.66015625,17504.119140625,4589.02978515625,3426.428955078125,24771.140625,37751.87890625
256,2025-03-20,66900,71400,66900,68700,949559,2.844311377245509,1928782900.0,-1088291650.0,-3483351050.0,2642859800.0,30.55,12.69,0.0,2637.10009765625,5675.2900390625,17750.7890625,4634.52978515625,3408.947998046875,24219.94921875,
257,2025-03-21,68700,69900,66900,67800,363482,-1.3100436681222707,1515023900.0,100308200.0,-2439939150.0,824607050.0,30.15,12.52,0.0,2643.1298828125,5662.89013671875,17691.630859375,4601.3701171875,3364.8310546875,23689.720703125,37677.05859375
258,2025-03-24,68800,69300,67500,68900,191044,1.6224188790560472,1333937050.0,-3909800.0,-2869158450.0,1539131200.0,30.64,12.73,0.0,2632.070068359375,5667.56005859375,17784.05078125,4557.9501953125,3370.028076171875,23905.560546875,37608.48828125
259,2025-03-25,69100,71500,68400,68800,359895,-0.14513788098693758,3123185250.0,-351946500.0,-1972288650.0,-798950100.0,30.59,12.71,0.0,2615.81005859375,5767.56982421875,18188.58984375,4694.22021484375,3369.97607421875,23344.25,37780.5390625
260,2025-03-26,71000,71800,69600,69800,464806,1.4534883720930232,1993891650.0,-343989550.0,-1831997350.0,182095250.0,31.04,12.89,0.0,2643.93994140625,5776.64990234375,18271.859375,4661.33984375,3368.697021484375,23483.3203125,38027.2890625
261,2025-03-27,70300,72500,69600,71300,558867,2.148997134670487,6667271100.0,-202468900.0,-4929608550.0,-1535193650.0,31.7,13.17,0.0,2607.14990234375,5712.2001953125,17899.01953125,4508.740234375,3373.7490234375,23578.80078125,37799.96875
262,2025-03-28,71500,71600,69200,70300,268284,-1.402524544179523,1655303350.0,-541603900.0,-2736369600.0,1622670150.0,31.26,12.98,0.0,2557.97998046875,5693.31005859375,17804.029296875,4415.25,3351.306884765625,23426.599609375,37120.328125
263,2025-03-31,68600,70300,67700,69800,374006,-0.7112375533428165,-3682382800.0,93601900.0,-1137674650.0,4726455550.0,31.04,12.89,0.0,2481.1201171875,5580.93994140625,17322.990234375,4284.91015625,3335.74609375,23119.580078125,35617.55859375
264,2025-04-01,70500,71300,68300,70700,363105,1.2893982808022924,456492150.0,448608300.0,-5553194950.0,4648094500.0,31.44,13.06,0.0,2521.389892578125,5611.85009765625,17299.2890625,4270.43017578125,3348.43505859375,23206.83984375,35624.48046875
265,2025-04-02,70900,71100,62400,64400,1492382,-8.91089108910891,-15632794050.0,-771472600.0,13835491350.0,2568775300.0,28.63,11.9,0.0,2505.860107421875,5633.06982421875,17449.890625,4282.4599609375,3350.126953125,23202.529296875,35725.87109375
266,2025-04-03,61600,64600,61300,63900,701653,-0.7763975155279503,439080550.0,-893471550.0,-2184683150.0,2639074150.0,28.41,11.8,0.0,2486.699951171875,5670.97021484375,17601.05078125,4320.75,3342.008056640625,22849.810546875,34735.9296875
267,2025-04-04,62100,64700,62100,64300,598385,0.6259780907668232,1893411350.0,160979500.0,-5353015850.0,3298625000.0,28.59,11.88,0.0,2465.419921875,5396.52001953125,16550.609375,3893.68994140625,,,33780.578125
268,2025-04-07,61500,63800,60000,62200,505893,-3.265940902021773,2494853100.0,377156000.0,-6530594550.0,3658585450.0,27.66,11.49,0.0,2328.199951171875,5074.080078125,15587.7900390625,3597.659912109375,3096.575927734375,19828.30078125,31136.580078125
269,2025-04-08,64200,64400,62300,62400,270861,0.3215434083601286,3268450200.0,95599400.0,980977650.0,-4345027250.0,27.75,11.53,0.0,2334.22998046875,5062.25,15603.259765625,3694.949951171875,3145.549072265625,20127.6796875,33012.578125
270,2025-04-09,63100,65000,61900,62900,385902,0.8012820512820512,6552225500.0,96136800.0,412625200.0,-7060987500.0,27.97,11.62,0.0,2293.699951171875,4982.77001953125,15267.91015625,3562.93994140625,3186.81005859375,20264.490234375,31714.029296875
271,2025-04-10,66300,67400,64800,65900,447862,4.769475357710652,-2098616100.0,68745900.0,564464800.0,1465405400.0,29.3,12.17,0.0,2445.06005859375,5456.89990234375,17124.970703125,4230.4501953125,3223.637939453125,20681.779296875,34609.0
272,2025-04-11,64900,68100,64600,67800,388464,2.8831562974203337,326373100.0,300521950.0,-4517255450.0,3890360400.0,30.15,12.52,0.0,2432.719970703125,5268.0498046875,16387.310546875,3893.300048828125,3238.22705078125,20914.689453125,33585.578125
273,2025-04-14,68400,68400,66000,67600,367207,-0.2949852507374631,-314083850.0,-10746250.0,4993131150.0,-4668301050.0,30.06,12.49,0.0,2455.889892578125,5363.35986328125,16724.4609375,3990.89990234375,3262.80810546875,21417.400390625,33982.359375
274,2025-04-15,67400,67600,64700,65800,353696,-2.6627218934911245,-2207098350.0,138812000.0,2440652450.0,-372366100.0,29.26,12.15,0.0,2477.409912109375,5405.97021484375,16831.48046875,4003.219970703125,3267.662109375,21466.26953125,34267.5390625
275,2025-04-16,65300,69600,65300,68400,528660,3.951367781155015,5693792500.0,-87646400.0,-7370838950.0,1764692850.0,30.41,12.63,0.0,2447.429931640625,5396.6298828125,16823.169921875,4021.889892578125,3276.00390625,21056.98046875,33920.3984375
276,2025-04-17,69300,71700,68600,71500,519409,4.5321637426900585,8938874800.0,-192024050.0,-2482916450.0,-6263934300.0,31.79,13.21,0.0,2470.409912109375,5275.7001953125,16307.16015625,3857.169921875,3280.341064453125,21395.140625,34377.6015625
277,2025-04-18,72700,73300,70400,72000,243756,0.6993006993006993,2921296750.0,-191021900.0,-681544650.0,-2048730200.0,32.01,13.3,0.0,2483.419921875,5282.7001953125,16286.4501953125,3832.469970703125,3276.72998046875,,34730.28125
278,2025-04-21,71900,72500,70000,71700,247458,-0.4166666666666667,-1329870250.0,12900950.0,427283300.0,889686000.0,31.88,13.24,0.0,2488.419921875,,,,3291.43408203125,,34279.921875
279,2025-04-22,71000,72000,70000,71700,235206,0.0,5385270400.0,-142045350.0,-2174224400.0,-3069000650.0,31.88,13.24,0.0,2486.639892578125,5158.2001953125,15870.900390625,3751.909912109375,3299.757080078125,21562.3203125,34220.6015625
280,2025-04-23,73000,73100,70800,71100,217400,-0.8368200836820083,2269881150.0,57837000.0,-1177716800.0,-1150001350.0,31.61,13.13,0.0,2525.56005859375,5287.759765625,16300.419921875,3832.050048828125,3296.35498046875,22072.619140625,34868.62890625
281,2025-04-24,71000,75200,71000,74800,689787,5.20393811533052,3562843250.0,-3748001600.0,-4451023200.0,4636181550.0,33.26,13.82,0.0,2522.330078125,5375.85986328125,16708.05078125,3983.919921875,3297.2880859375,21909.759765625,35039.1484375
282,2025-04-25,74600,76000,73800,74900,297854,0.1336898395721925,3214092950.0,60556500.0,281981050.0,-3556630500.0,33.3,13.83,0.0,2546.300048828125,5484.77001953125,17166.0390625,4208.18994140625,3295.06005859375,21980.740234375,35705.73828125
283,2025-04-28,74900,75500,73500,75000,185061,0.13351134846461948,-302481250.0,13050600.0,-1063728850.0,1353159500.0,33.35,13.85,0.0,2548.860107421875,5525.2099609375,17382.939453125,4251.60986328125,3288.4150390625,21971.9609375,35839.98828125
284,2025-04-29,75600,77000,74800,76400,264772,1.866666666666667,-74699700.0,-260432600.0,1353157500.0,-1018025200.0,33.97,14.11,0.0,2565.419921875,5528.75,17366.130859375,4235.6201171875,3286.655029296875,22008.109375,
285,2025-04-30,76200,77800,75000,75300,208412,-1.4397905759162304,-2097796050.0,-84587900.0,1783703800.0,398680150.0,33.48,13.91,0.0,2556.610107421875,5560.830078125,17461.3203125,4196.75,3279.031005859375,22119.41015625,36045.37890625
286,2025-05-02,74600,77400,74500,76200,263413,1.1952191235059761,-801596250.0,26744800.0,-5640025300.0,6414876750.0,26.5,8.77,0.0,2559.7900390625,5604.14013671875,17710.740234375,4247.66015625,,22504.6796875,36830.69140625
287,2025-05-07,77200,77900,73200,76400,417344,0.26246719160104987,-1210313550.0,138793150.0,2839115500.0,-1767595100.0,26.57,8.79,0.0,2573.800048828125,5606.91015625,17689.66015625,4311.2001953125,3342.6650390625,22691.880859375,36779.66015625
288,2025-05-08,76400,99300,76200,98400,6642662,28.79581151832461,12793636650.0,-4967549500.0,-60621862100.0,52795774950.0,34.23,11.33,0.0,2579.47998046875,5631.27978515625,17738.16015625,4386.35986328125,3351.99609375,22775.919921875,36928.62890625
289,2025-05-09,97500,105400,97500,102700,2792403,4.369918699186992,-18894379800.0,-552538500.0,-53747982950.0,73194901250.0,35.72,11.82,0.0,2577.27001953125,5663.93994140625,17928.140625,4430.43994140625,3341.9990234375,22867.740234375,37503.328125
290,2025-05-12,103800,103900,100900,102500,792584,-0.19474196689386564,6285675050.0,-934039300.0,-9055612900.0,3703977150.0,35.65,11.8,0.0,2607.330078125,5659.91015625,17928.919921875,4466.5,3369.2451171875,23549.4609375,37644.26171875
291,2025-05-13,101500,109600,101100,109100,1184780,6.439024390243903,8959328200.0,68452800.0,-15754667450.0,6726886450.0,37.95,12.56,0.0,2608.419921875,5844.18994140625,18708.33984375,4780.93017578125,3374.87109375,23108.26953125,38183.26171875
292,2025-05-14,107700,111300,105200,109400,713126,0.27497708524289644,388537800.0,588868800.0,-7856007050.0,6878600450.0,38.05,12.59,0.0,2640.570068359375,5886.5498046875,19010.08984375,4931.35009765625,3403.947998046875,23640.650390625,38128.12890625
293,2025-05-15,109400,113000,108300,110500,549210,1.0054844606946984,7236690600.0,-104204400.0,-4566677850.0,-2565808350.0,38.43,12.72,0.0,2621.360107421875,5892.580078125,19146.810546875,4960.72998046875,3380.821044921875,23453.16015625,37755.51171875
294,2025-05-16,112200,115500,111200,112600,465392,1.9004524886877827,7102210200.0,-32900700.0,-2371962700.0,-4697346800.0,39.17,12.96,0.0,2626.8701171875,5916.93017578125,19112.3203125,4932.4501953125,3367.4619140625,23345.05078125,37753.71875
295,2025-05-19,111500,115500,110300,113800,427932,1.0657193605683837,-1622304100.0,-349748000.0,-5722194400.0,7694246500.0,39.58,13.1,0.0,2603.419921875,5958.3798828125,19211.099609375,4922.18994140625,3367.5830078125,23332.720703125,37498.62890625
296,2025-05-20,116900,117100,111300,113100,436888,-0.6151142355008787,-8497020050.0,234005750.0,2562320900.0,5700693400.0,39.34,13.02,0.0,2601.800048828125,5963.60009765625,19215.4609375,4897.7099609375,3380.47802734375,23681.48046875,37529.48828125
297,2025-05-21,113200,115500,112100,114800,401744,1.5030946065428823,-2315181100.0,-243488000.0,-4133877100.0,6692546200.0,39.93,13.22,0.0,2625.580078125,5940.4599609375,19142.7109375,4890.77978515625,3387.573974609375,23827.779296875,37298.98046875
298,2025-05-22,113800,117500,110600,113900,455638,-0.7839721254355401,-10019906750.0,429058250.0,-564918750.0,10155767250.0,39.62,13.11,0.0,2593.669921875,5844.60986328125,18872.640625,4802.7099609375,3380.18896484375,23544.310546875,36985.87109375
299,2025-05-23,113000,113500,110300,111500,402186,-2.1071115013169446,-5073691700.0,51929600.0,-3641568200.0,8663330300.0,38.78,12.84,0.0,2592.090087890625,5842.009765625,18925.740234375,4775.47021484375,3348.3720703125,23601.259765625,37160.46875
300,2025-05-26,111800,113400,107600,109900,624431,-1.4349775784753362,-14816993000.0,428840200.0,-11254225500.0,25642378300.0,38.23,12.65,0.0,2644.39990234375,5802.81982421875,18737.2109375,4702.3798828125,3346.839111328125,23282.330078125,37531.53125
301,2025-05-27,111200,120700,110400,118200,970872,7.552320291173794,1724657950.0,62423850.0,-1097760150.0,-689321650.0,41.11,13.61,0.0,2637.219970703125,,,,3340.68701171875,23381.990234375,37724.109375
302,2025-05-28,117300,121000,113700,115300,481231,-2.4534686971235193,-3277362900.0,-121368300.0,1381188050.0,2017543150.0,40.1,13.27,0.0,2670.14990234375,5921.5400390625,19199.16015625,4861.08984375,3339.931884765625,23258.310546875,37722.3984375
303,2025-05-29,115400,115900,111700,114300,375179,-0.8673026886383347,-3536321050.0,173320900.0,-6500768700.0,9863768850.0,39.76,13.16,0.0,2720.639892578125,5888.5498046875,19100.939453125,4834.419921875,3363.446044921875,23573.380859375,38432.98046875
304,2025-05-30,116300,118100,113200,115300,471245,0.8748906386701663,-969639550.0,-17161000.0,891425100.0,95375450.0,40.1,13.27,0.0,2697.669921875,5912.169921875,19175.869140625,4860.47998046875,3347.487060546875,23289.76953125,37965.1015625
305,2025-06-02,118400,125500,118100,123200,749381,6.851691240242845,4960027950.0,109593900.0,-5397473900.0,327852050.0,42.85,14.18,0.0,2698.969970703125,5911.68994140625,19113.76953125,4758.06005859375,,23157.970703125,37470.671875
306,2025-06-04,123600,127500,121600,124800,337544,1.2987012987012987,688453700.0,42181300.0,-6374585450.0,5643950450.0,43.41,14.37,0.0,2770.840087890625,5970.3701171875,19398.9609375,4964.41015625,3376.202880859375,23654.029296875,37747.44921875
307,2025-06-05,125500,125600,118800,120800,437164,-3.205128205128205,-973902050.0,51123650.0,2541023900.0,-1618245500.0,42.02,13.91,0.0,2812.050048828125,5970.81005859375,19460.490234375,5033.35009765625,3384.09912109375,23906.970703125,37554.48828125
308,2025-06-09,119200,129200,118700,127900,504906,5.877483443708609,-3707282850.0,204857650.0,-7835971150.0,11338396350.0,44.49,14.72,0.0,2855.77001953125,6000.35986328125,19529.94921875,5038.06005859375,3399.77197265625,24181.4296875,38088.5703125
309,2025-06-10,127300,130900,126900,129000,597092,0.8600469116497262,-914666250.0,-8597087500.0,543352050.0,8968401700.0,44.87,14.85,0.0,2871.85009765625,6005.8798828125,19591.240234375,5136.66015625,3384.81591796875,24162.869140625,38211.51171875
310,2025-06-11,129200,136300,128500,136000,611006,5.426356589147287,-198094700.0,-13685658750.0,-522689200.0,14406442650.0,47.3,15.66,0.0,2907.0400390625,6038.81005859375,19714.990234375,5242.5,3402.31591796875,24366.939453125,38421.19140625
311,2025-06-12,134600,137200,131500,135100,458800,-0.6617647058823529,1822512100.0,-100664350.0,-859128950.0,-862718800.0,46.99,15.55,0.0,2920.030029296875,6022.240234375,19615.880859375,5232.52978515625,3402.657958984375,24035.380859375,38173.08984375
312,2025-06-13,136300,136400,127500,131000,536455,-3.0347890451517396,-4990240200.0,-1048987000.0,-1250389750.0,7289616950.0,45.57,15.08,0.0,2894.6201171875,6045.259765625,19662.490234375,5249.14990234375,3376.99609375,23892.560546875,37834.25
313,2025-06-16,129000,133900,128200,132600,403522,1.2213740458015268,-4427571300.0,171974900.0,-5830522750.0,10086119150.0,46.12,15.26,0.0,2946.659912109375,5976.97021484375,19406.830078125,5112.240234375,3388.72900390625,24060.990234375,38311.328125
314,2025-06-17,132100,133800,129200,131200,273441,-1.0558069381598794,-1103301750.0,-402483900.0,-3236157250.0,4741942900.0,45.63,15.1,0.0,2950.300048828125,6033.10986328125,19701.2109375,5267.2998046875,3387.405029296875,23980.30078125,38536.73828125
315,2025-06-18,131000,137000,130100,133600,408295,1.8292682926829267,-447053100.0,414541800.0,-3450539400.0,3483050700.0,46.47,15.38,0.0,2972.18994140625,5982.72021484375,19521.08984375,5223.64990234375,3388.80908203125,23710.689453125,38885.1484375
316,2025-06-19,137700,140300,134900,137000,458247,2.5449101796407185,3458188900.0,-1560022400.0,-3530297050.0,1632130550.0,47.65,15.77,0.0,2977.739990234375,5980.8701171875,19546.26953125,5251.02001953125,3362.10791015625,23237.740234375,38488.33984375
317,2025-06-20,139400,143800,135700,139800,410881,2.0437956204379564,-1135885950.0,-1214632300.0,7487087250.0,-5136569000.0,48.63,16.09,0.0,3021.840087890625,,,,3359.89501953125,23530.48046875,38403.23046875
318,2025-06-23,136800,143600,136000,141200,281094,1.0014306151645207,-3939913550.0,-2351634200.0,-1996341900.0,8287889650.0,49.11,16.25,0.0,3014.469970703125,5967.83984375,19447.41015625,5211.47998046875,3381.58203125,23689.130859375,38354.08984375
319,2025-06-24,144000,144800,138600,141200,363828,0.0,1349111850.0,-7750616800.0,4500472600.0,1901032350.0,49.11,16.25,0.0,3103.639892578125,6025.169921875,19630.970703125,5244.2998046875,3420.56591796875,24177.0703125,38790.55859375
320,2025-06-25,141400,152100,139100,151600,600305,7.365439093484419,4540355350.0,-7468189500.0,-1280596350.0,4208430500.0,52.73,17.45,0.0,3108.25,6092.18017578125,19912.529296875,5441.8701171875,3455.97412109375,24474.669921875,38942.0703125
321,2025-06-26,149500,150800,145300,149300,362207,-1.517150395778364,2639528200.0,232538250.0,3300719450.0,-6172785900.0,51.93,17.19,0.0,3079.56005859375,6092.16015625,19973.55078125,5493.2998046875,3448.452880859375,24325.400390625,39584.578125
322,2025-06-27,149800,158300,145500,148700,513501,-0.4018754186202277,-2194155300.0,847968100.0,9042252600.0,-7696065400.0,51.72,17.12,0.0,3055.93994140625,6141.02001953125,20167.91015625,5541.4599609375,3424.22705078125,24284.150390625,40150.7890625
323,2025-06-30,150300,159000,149500,154200,472720,3.698722259583053,-2122971200.0,827030300.0,788439650.0,507501250.0,53.63,17.75,0.0,3071.699951171875,6173.06982421875,20273.4609375,5544.990234375,3444.426025390625,24072.279296875,40487.390625
324,2025-07-01,156100,158800,152900,154200,291656,0.0,-1563228850.0,497941450.0,245126750.0,820160650.0,53.63,17.75,0.0,3089.64990234375,6204.9501953125,20369.73046875,5546.5400390625,3457.7470703125,,39986.328125
325,2025-07-02,155100,157700,141000,146600,732179,-4.9286640726329445,11563227450.0,682072550.0,5436298450.0,-17681598450.0,50.99,16.88,0.0,3075.06005859375,6198.009765625,20202.890625,5507.5,3454.7919921875,24221.41015625,39762.48046875
326,2025-07-03,148800,151200,145300,146700,311455,0.06821282401091405,-4612063250.0,813884100.0,-922309700.0,4720488850.0,51.03,16.89,0.0,3116.27001953125,6227.419921875,20393.130859375,5611.0498046875,3461.15087890625,24069.939453125,39785.8984375
327,2025-07-04,147200,149300,137500,137800,584712,-6.0668029993183366,-22055663800.0,481394500.0,3132483200.0,18441786100.0,47.93,15.86,0.0,3054.280029296875,6279.35009765625,20601.099609375,5647.1201171875,3472.319091796875,23916.060546875,39810.87890625
328,2025-07-07,134500,152000,133900,149500,612877,8.49056603773585,7187813750.0,976616000.0,-14883173650.0,6718743900.0,52.0,17.21,0.0,3059.469970703125,,,,3473.126953125,23887.830078125,39587.6796875
329,2025-07-08,153700,161500,149700,161200,648875,7.82608695652174,11027236850.0,734784150.0,4060683400.0,-15822704400.0,56.07,18.56,0.0,3114.949951171875,6229.97998046875,20412.51953125,5541.2001953125,3497.47509765625,24148.0703125,39688.80859375
330,2025-07-09,159600,164500,159300,163300,343973,1.3027295285359801,2535120500.0,55611550.0,-4168952900.0,1578220850.0,56.8,18.8,0.0,3133.739990234375,6225.52001953125,20418.4609375,5641.22021484375,3493.050048828125,23892.3203125,39821.28125
331,2025-07-10,162900,164600,160000,160800,388146,-1.5309246785058175,-22132937950.0,142461700.0,9952398400.0,12038077850.0,55.93,18.51,0.0,3183.22998046875,6263.259765625,20611.33984375,5665.990234375,3509.681884765625,24028.369140625,39646.359375
332,2025-07-11,162000,171900,161200,166300,704785,3.4203980099502482,29308013400.0,-56130700.0,-9438813700.0,-19813069000.0,57.84,19.14,0.0,3175.77001953125,6280.4599609375,20630.66015625,5708.27978515625,3510.177001953125,24139.5703125,39569.6796875
333,2025-07-14,175300,178000,169800,174200,525328,4.750450992182802,14070914000.0,1095581500.0,22091402150.0,-37257897650.0,60.59,20.05,0.0,3202.030029296875,6259.75,20585.529296875,5696.2900390625,3519.64990234375,24203.3203125,39459.62109375
334,2025-07-15,176700,180700,174200,176100,400810,1.0907003444316876,-4783683300.0,-688344900.0,8428893450.0,-2956865250.0,61.25,20.27,0.0,3215.280029296875,6268.56005859375,20640.330078125,5646.72021484375,3504.9990234375,24590.119140625,39678.01953125
335,2025-07-16,176800,183300,170400,172200,579368,-2.2146507666098807,-16873316800.0,1847213650.0,7856061450.0,7170041700.0,59.9,19.82,0.0,3186.3798828125,6243.759765625,20677.80078125,5718.60986328125,3503.777099609375,24517.759765625,39663.3984375
336,2025-07-17,174400,179900,173400,177800,289812,3.2520325203252036,-2534677750.0,727494800.0,-2189704450.0,3996887400.0,61.84,20.47,0.0,3192.2900390625,6263.7001953125,20730.490234375,5696.2099609375,3516.824951171875,24498.94921875,39901.19140625
337,2025-07-18,175100,175700,168400,170000,569044,-4.386951631046119,-36261877150.0,-474420000.0,13943966400.0,22792330750.0,59.13,19.57,0.0,3188.070068359375,6297.35986328125,20885.650390625,5737.64013671875,3534.48291015625,24825.66015625,39819.109375
338,2025-07-21,170700,175900,170100,172100,266777,1.2352941176470587,-1685572150.0,92102300.0,547126700.0,1046343150.0,59.86,19.81,0.0,3210.81005859375,6296.7900390625,20895.650390625,5732.6201171875,3559.791015625,24994.140625,
339,2025-07-22,175400,182000,173200,177800,588289,3.3120278907611858,-2814026150.0,892984900.0,11995269950.0,-10074228700.0,61.84,20.47,0.0,3169.93994140625,6305.60009765625,20974.1796875,5739.419921875,3581.861083984375,25130.029296875,39774.921875
340,2025-07-23,177100,182700,176600,179300,436701,0.843644544431946,-13272153850.0,1026962600.0,12791582000.0,-546390750.0,62.37,20.64,0.0,3183.77001953125,6309.6201171875,20892.689453125,5638.7099609375,3582.298095703125,25538.0703125,41171.3203125
341,2025-07-24,178900,181700,171100,173900,545439,-3.011712214166202,-306097250.0,961151850.0,20352219100.0,-21007273700.0,60.49,20.02,0.0,3190.449951171875,6358.91015625,21020.01953125,5637.7900390625,3605.72705078125,25667.1796875,41826.33984375
342,2025-07-25,172000,178400,170900,171700,272377,-1.2650948821161587,-13375729700.0,-333748700.0,2491443100.0,11218035300.0,59.72,19.77,0.0,3196.050048828125,6363.35009765625,21057.9609375,5644.3701171875,3593.655029296875,25388.349609375,41456.23046875
343,2025-07-28,169800,172500,165400,167500,367970,-2.44612696563774,-14567007950.0,-334356250.0,1539339950.0,13362024250.0,58.26,19.28,0.0,3209.52001953125,6388.64013671875,21108.3203125,5645.85986328125,3597.93701171875,25562.130859375,40998.26953125
344,2025-07-29,166100,182500,165800,181300,538391,8.238805970149254,15483959350.0,756508550.0,-22275137250.0,6034669350.0,63.06,20.87,0.0,3230.570068359375,6389.77001953125,21178.580078125,5737.10009765625,3609.7109375,25524.44921875,40674.55078125
345,2025-07-30,179000,180300,173900,174600,320767,-3.6955322669608384,5611654900.0,335040150.0,11009883800.0,-16956578850.0,60.73,20.1,0.0,3254.469970703125,6370.85986328125,21098.2890625,5739.7900390625,3615.717041015625,25176.9296875,40654.69921875
346,2025-07-31,176000,188500,175900,183700,630657,5.211912943871707,8675198200.0,138189400.0,-28019016200.0,19205628600.0,63.9,21.15,0.0,3245.43994140625,6362.89990234375,21129.669921875,5787.31982421875,3573.2080078125,24773.330078125,41069.8203125
347,2025-08-01,179800,180400,167800,172000,612884,-6.369080021774633,-4572034150.0,80918200.0,39186085850.0,-34694969900.0,59.83,19.8,0.0,3119.409912109375,6339.39013671875,21122.44921875,5607.919921875,3559.951904296875,24507.810546875,40799.6015625
348,2025-08-04,173500,179500,173100,178600,334690,3.8372093023255816,11681406450.0,356982800.0,-4823618400.0,-7214770850.0,62.12,20.56,0.0,3147.75,6238.009765625,20650.130859375,5527.60986328125,3583.30908203125,24733.44921875,40290.69921875
349,2025-08-05,184500,189700,181400,187300,595552,4.871220604703248,18549895200.0,-1217111300.0,-4841590950.0,-12491192950.0,65.15,21.56,0.0,3198.0,6329.93994140625,21053.580078125,5624.41015625,3617.597900390625,24902.529296875,40549.5390625
350,2025-08-06,194700,224000,185200,208500,2829191,11.318739989321944,28907513550.0,-1033076300.0,6080183450.0,-33954620700.0,72.52,24.0,0.0,3198.139892578125,6299.18994140625,20916.55078125,5561.68994140625,3633.9951171875,24910.630859375,40794.859375
351,2025-08-07,216500,221000,210500,219500,1187549,5.275779376498801,-16164555000.0,-899453000.0,-21331406250.0,38395414250.0,76.35,25.27,0.0,3227.679931640625,6345.06005859375,21169.419921875,5550.2998046875,3639.6669921875,25081.630859375,41059.1484375
352,2025-08-08,217000,233000,215000,230000,830029,4.783599088838269,-33866800250.0,363845750.0,-6553833750.0,40056788250.0,80.0,26.48,0.0,3210.010009765625,6340.0,21242.69921875,5633.7001953125,3635.1279296875,24858.8203125,41820.48046875
353,2025-08-11,238000,239000,220000,226000,820909,-1.7391304347826086,-24300792250.0,-649462500.0,-2711079250.0,27661334000.0,78.61,26.02,0.0,3206.77001953125,6389.4501953125,21450.01953125,5678.02001953125,3647.547119140625,24906.810546875,
354,2025-08-12,228000,228000,218000,219500,567327,-2.8761061946902653,-7702806250.0,-1465593500.0,-15007538500.0,24175938250.0,76.35,25.27,0.0,3189.909912109375,6373.4501953125,21385.400390625,5670.3701171875,3665.91796875,24969.6796875,42718.171875
355,2025-08-13,222000,222500,199850,208500,1474533,-5.0113895216400905,-40938402000.0,-1909319250.0,30892652200.0,11955069050.0,72.52,24.0,0.0,3224.3701171875,6445.759765625,21681.900390625,5840.08984375,3683.465087890625,25613.669921875,43274.671875
356,2025-08-14,213000,217000,209000,213500,585872,2.3980815347721824,-7290966500.0,-54643250.0,4660363500.0,2685246250.0,74.26,24.58,0.0,3225.659912109375,6466.580078125,21713.140625,5892.60986328125,3666.443115234375,25519.3203125,42649.26171875
357,2025-08-18,210500,218500,207500,214500,277674,0.468384074941452,6344743750.0,-325831500.0,-11843000750.0,5824088500.0,74.61,24.69,0.0,3177.280029296875,6449.7998046875,21622.98046875,5752.740234375,3728.027099609375,25176.849609375,43714.30859375
358,2025-08-19,216500,224000,212500,217000,496649,1.1655011655011656,5793615000.0,1494361250.0,4969535750.0,-12257512000.0,75.48,24.98,0.0,3151.56005859375,6449.14990234375,21629.76953125,5776.31005859375,3727.2880859375,25122.900390625,43546.2890625
359,2025-08-20,213000,219000,204000,213000,479024,-1.8433179723502304,-673810000.0,-5701750.0,7909934000.0,-7230422250.0,74.09,24.52,0.0,3130.090087890625,6411.3701171875,21314.94921875,5671.509765625,3766.2099609375,25165.939453125,42888.55078125
360,2025-08-21,214000,221000,214000,218500,309979,2.5821596244131455,5554386250.0,863615750.0,-12220133500.0,5802131500.0,76.0,25.15,0.0,3141.739990234375,6395.77978515625,21172.859375,5630.81982421875,3771.09912109375,25104.609375,42610.171875
361,2025-08-22,220000,232500,218000,228000,438097,4.3478260869565215,12985023000.0,1072553250.0,-18140657000.0,4083080750.0,79.3,26.25,0.0,3168.72998046875,6370.169921875,21100.310546875,5603.259765625,3825.759033203125,25339.140625,42633.2890625
362,2025-08-25,233000,233000,224000,226000,334046,-0.8771929824561403,-1723366750.0,333296250.0,18682391250.0,-17292320750.0,78.61,26.02,0.0,3209.860107421875,6466.91015625,21496.5390625,5754.4599609375,3883.56201171875,25829.91015625,42807.8203125
363,2025-08-26,227000,228000,217000,225500,725452,-0.22123893805309736,-9676749500.0,308920500.0,14612771500.0,-5244942500.0,78.43,25.96,0.0,3179.360107421875,6439.31982421875,21449.2890625,5756.2998046875,3868.382080078125,25524.919921875,42394.3984375
364,2025-08-27,225500,225500,213500,219000,531306,-2.882483370288248,-12307543000.0,-1493997500.0,21840547500.0,-8039007000.0,76.17,25.21,0.0,3187.159912109375,6465.93994140625,21544.26953125,5807.919921875,3800.35009765625,25201.759765625,42520.26953125
365,2025-08-28,216500,224500,216500,223500,234972,2.054794520547945,-1464127750.0,201245000.0,-11317536500.0,12580419250.0,77.74,25.73,0.0,3196.320068359375,6481.39990234375,21590.140625,5824.60986328125,3843.596923828125,24998.8203125,42828.7890625
366,2025-08-29,224500,229500,221000,227000,304681,1.5659955257270695,-1078247750.0,-143134000.0,-19669089000.0,20890470750.0,78.96,26.13,0.0,3186.010009765625,6501.85986328125,21705.16015625,5853.0498046875,3857.927001953125,25077.619140625,42718.46875
367,2025-09-01,225500,227500,217500,225500,438676,-0.6607929515418502,1422779500.0,1287617500.0,15053273250.0,-17763670250.0,78.43,25.96,0.0,3142.929931640625,6460.259765625,21455.55078125,5668.93994140625,3875.531005859375,25617.419921875,42188.7890625
368,2025-09-02,224500,227000,217000,220000,384745,-2.4390243902439024,-14302902250.0,-27850000.0,15140445000.0,-809692750.0,76.52,25.33,0.0,3172.35009765625,,,,3858.133056640625,25496.55078125,42310.48828125
369,2025-09-03,222000,225000,208000,212000,772679,-3.6363636363636362,-45242736000.0,-261341500.0,50830062000.0,-5325984500.0,73.74,24.4,0.0,3184.419921875,6415.5400390625,21279.630859375,5605.4599609375,3813.556884765625,25343.4296875,41938.890625
370,2025-09-04,214000,219000,213500,217500,391877,2.5943396226415096,-6905617750.0,74164750.0,-23407519750.0,30238972750.0,75.65,25.04,0.0,3200.830078125,6448.259765625,21497.73046875,5592.81982421875,3765.8759765625,25058.509765625,42580.26953125
371,2025-09-05,217500,218000,213500,215500,253444,-0.9195402298850575,-7865379750.0,-698102750.0,3149631750.0,5413850750.0,74.96,24.81,0.0,3205.1201171875,6502.080078125,21707.689453125,5667.85986328125,3812.513916015625,25417.98046875,43018.75
372,2025-09-08,216000,223000,215000,223000,270657,3.480278422273782,1033366500.0,120215500.0,-17966467750.0,16812885750.0,77.57,25.67,0.0,3219.590087890625,6481.5,21700.390625,5761.39990234375,3826.841064453125,25633.91015625,43643.80859375
373,2025-09-09,225500,231500,218500,230000,358740,3.1390134529147984,10233796500.0,-105404500.0,-20230319750.0,10101927750.0,80.0,26.48,0.0,3260.050048828125,6495.14990234375,21798.69921875,5809.60986328125,3807.2919921875,25938.130859375,43459.2890625
374,2025-09-10,231000,232000,222000,227500,352215,-1.0869565217391304,577049000.0,-322869000.0,4945766000.0,-5199946000.0,79.13,26.19,0.0,3314.530029296875,6512.60986328125,21879.490234375,5819.830078125,3812.220947265625,26200.259765625,43837.671875
375,2025-09-11,227000,241500,226500,229500,784241,0.8791208791208791,-28810787750.0,-1121221500.0,-3898189750.0,33830199000.0,79.83,26.42,0.0,3344.199951171875,6532.0400390625,21886.060546875,5958.08984375,3875.30908203125,26086.3203125,44372.5
376,2025-09-12,230500,231000,216500,218000,775152,-5.010893246187364,-17462029500.0,-2839392000.0,78698089250.0,-58396667750.0,75.83,25.09,0.0,3395.5400390625,6587.47021484375,22043.0703125,5995.39013671875,3870.597900390625,26388.16015625,44768.12109375
377,2025-09-15,215000,220500,213000,215500,496225,-1.146788990825688,-23660917250.0,-1417637750.0,-11437138000.0,36515693000.0,74.96,24.81,0.0,3407.31005859375,6584.2900390625,22141.099609375,6001.740234375,3860.50390625,26446.560546875,
378,2025-09-16,216500,218000,211000,213000,467174,-1.160092807424594,-19876170250.0,-104212000.0,3474382750.0,16505999500.0,74.09,24.52,0.0,3449.6201171875,6615.27978515625,22348.75,6059.830078125,3861.864990234375,26438.509765625,44902.26953125
379,2025-09-17,218000,219500,214000,217000,350065,1.8779342723004695,-8703342500.0,135969750.0,-171500750.0,8738873500.0,75.48,24.98,0.0,3413.39990234375,6606.759765625,22333.9609375,6079.22021484375,3876.341064453125,26908.390625,44790.37890625
380,2025-09-18,218500,222000,214500,217000,381967,0.0,94622500.0,317352250.0,6599091750.0,-7011066500.0,75.48,24.98,0.0,3461.300048828125,6600.35009765625,22261.330078125,6060.22021484375,3831.656005859375,26544.849609375,45303.4296875
381,2025-09-19,216500,225000,215500,223500,537167,2.995391705069124,4899500500.0,-915699000.0,-43138585250.0,39154783750.0,77.74,25.73,0.0,3445.239990234375,6631.9599609375,22470.720703125,6278.16015625,3820.089111328125,26545.099609375,45045.80859375
382,2025-09-22,223500,230000,219000,225000,504654,0.6711409395973155,12864967250.0,108778500.0,-18773500500.0,5799754750.0,78.26,25.9,0.0,3468.64990234375,6664.35986328125,22631.48046875,6232.25,3828.575927734375,26344.140625,45493.66015625
383,2025-09-23,225000,225500,216500,218000,394649,-3.111111111111111,-9279998250.0,-87809500.0,23946430250.0,-14578622500.0,75.83,25.09,0.0,3486.18994140625,6693.75,22788.98046875,6330.1201171875,3821.8330078125,26159.119140625,
384,2025-09-24,220000,223000,215500,217500,361070,-0.22935779816513763,-1399090250.0,416554750.0,-7588184000.0,8570719500.0,75.65,25.04,0.0,3472.139892578125,6656.919921875,22573.470703125,6308.2099609375,3853.64208984375,26518.650390625,45630.30859375
385,2025-09-25,220500,229000,217500,223500,649983,2.7586206896551726,29238971750.0,1784800750.0,-26209910250.0,-4813862250.0,77.74,25.73,0.0,3471.110107421875,6637.97021484375,22497.859375,6297.0,3853.302001953125,26484.6796875,45754.9296875
386,2025-09-26,223000,228500,218500,225000,438850,0.6711409395973155,25585408750.0,-421498750.0,-16916696000.0,-8247214000.0,78.26,25.9,0.0,3386.050048828125,6604.72021484375,22384.69921875,6284.669921875,3828.10595703125,26128.19921875,45354.98828125
387,2025-09-29,221000,247500,218500,246500,981236,9.555555555555555,34247823750.0,-6447750.0,-50197195250.0,15955819250.0,85.74,28.38,0.0,3431.2099609375,6643.7001953125,22484.0703125,6305.0498046875,3862.531982421875,26622.880859375,45043.75
388,2025-09-30,245500,257500,243000,250000,639665,1.4198782961460445,33285066250.0,-573984000.0,-9104958000.0,-23606124250.0,86.96,28.78,0.0,3424.60009765625,6661.2099609375,22591.150390625,6315.10986328125,3882.777099609375,26855.560546875,44932.62890625
389,2025-10-01,253000,264000,252500,261000,592613,4.3999999999999995,4034892750.0,498258000.0,-19285021250.0,14751870500.0,90.78,30.04,0.0,3455.830078125,6688.4599609375,22660.009765625,6369.81982421875,,,44550.8515625
390,2025-10-02,258000,265000,255000,255000,589281,-2.2988505747126435,-31220811500.0,-1311324500.0,-2044755500.0,34576891500.0,88.7,29.35,0.0,3549.2099609375,6711.2001953125,22755.16015625,6500.27978515625,,27287.119140625,44936.73046875
391,2025-10-10,252000,258500,248000,257000,534223,0.7843137254901961,-1361841250.0,-929855250.0,-9802310500.0,12094007000.0,89.39,29.58,0.0,,,,,,,
